,line,stat,player,league,team,date
0,3.5,Pitcher Strikeouts,Dean Kremer,MLB,BAL,2023-10-10
1,11.5,pitch_outs,Dean Kremer,MLB,BAL,2023-10-10
2,2.0,runs_allowed,Dean Kremer,MLB,BAL,2023-10-10
3,1.5,walks_allowed,Dean Kremer,MLB,BAL,2023-10-10
4,7.0,Hitter Fantasy Score,Adley Rutschman,MLB,BAL,2023-10-10
5,1.5,PTS,Adley Rutschman,MLB,BAL,2023-10-10
6,0.5,Singles,Adley Rutschman,MLB,BAL,2023-10-10
7,7.5,Hitter Fantasy Score,Gunnar Henderson,MLB,BAL,2023-10-10
8,0.5,runs,Gunnar Henderson,MLB,BAL,2023-10-10
9,0.5,Singles,Gunnar Henderson,MLB,BAL,2023-10-10
10,7.0,Hitter Fantasy Score,Anthony Santander,MLB,BAL,2023-10-10
11,1.5,PTS,Anthony Santander,MLB,BAL,2023-10-10
12,7.0,Hitter Fantasy Score,Ryan Mountcastle,MLB,BAL,2023-10-10
13,1.5,PTS,Ryan Mountcastle,MLB,BAL,2023-10-10
14,0.5,Singles,Ryan Mountcastle,MLB,BAL,2023-10-10
15,0.5,Total Bases,Adam Frazier,MLB,BAL,2023-10-10
16,0.5,batter_strikeouts,Adam Frazier,MLB,BAL,2023-10-10
17,0.5,Singles,Ryan O'Hearn,MLB,BAL,2023-10-10
18,24.5,Hitter Fantasy Score,Nathan Eovaldi,MLB,TEX,2023-10-10
19,4.5,Pitcher Strikeouts,Nathan Eovaldi,MLB,TEX,2023-10-10
20,2.0,runs_allowed,Nathan Eovaldi,MLB,TEX,2023-10-10
21,4.5,hits_allowed,Nathan Eovaldi,MLB,TEX,2023-10-10
22,1.5,walks_allowed,Nathan Eovaldi,MLB,TEX,2023-10-10
23,9.5,Hitter Fantasy Score,Corey Seager,MLB,TEX,2023-10-10
24,1.5,Total Bases,Corey Seager,MLB,TEX,2023-10-10
25,2.0,PTS,Corey Seager,MLB,TEX,2023-10-10
26,0.5,runs,Corey Seager,MLB,TEX,2023-10-10
27,0.5,Singles,Corey Seager,MLB,TEX,2023-10-10
28,8.0,Hitter Fantasy Score,Marcus Semien,MLB,TEX,2023-10-10
29,0.5,runs,Marcus Semien,MLB,TEX,2023-10-10
30,0.5,Singles,Marcus Semien,MLB,TEX,2023-10-10
31,7.5,Hitter Fantasy Score,Adolis Garcia,MLB,Adolis Garcia,
32,1.5,PTS,Adolis Garcia,MLB,Adolis Garcia,
33,0.5,runs,Adolis Garcia,MLB,Adolis Garcia,
34,7.5,Hitter Fantasy Score,Josh Jung,MLB,TEX,2023-10-10
35,1.5,PTS,Mitch Garver,MLB,TEX,2023-10-10
36,3.0,Pitcher Strikeouts,Bryce Elder,MLB,ATL,2023-10-11
37,11.5,pitch_outs,Bryce Elder,MLB,ATL,2023-10-11
38,2.5,runs_allowed,Bryce Elder,MLB,ATL,2023-10-11
39,4.0,hits_allowed,Bryce Elder,MLB,ATL,2023-10-11
40,2.0,walks_allowed,Bryce Elder,MLB,ATL,2023-10-11
41,9.5,Hitter Fantasy Score,Ronald Acuna,other,Ronald Acuna,
42,1.5,Total Bases,Ronald Acuna,other,Ronald Acuna,
43,7.0,Hitter Fantasy Score,Matt Olson,MLB,ATL,2023-10-11
44,1.5,PTS,Matt Olson,MLB,ATL,2023-10-11
45,0.5,runs,Matt Olson,MLB,ATL,2023-10-11
46,0.5,Walks Allowed,Matt Olson,MLB,ATL,2023-10-11
47,7.5,Hitter Fantasy Score,Austin Riley,MLB,ATL,2023-10-11
48,1.5,PTS,Austin Riley,MLB,ATL,2023-10-11
49,7.0,Hitter Fantasy Score,Ozzie Albies,MLB,ATL,2023-10-11
50,1.5,PTS,Marcell Ozuna,MLB,ATL,2023-10-11
51,0.5,Total Bases,Eddie Rosario,MLB,ATL,2023-10-11
52,27.5,Hitter Fantasy Score,Aaron Nola,MLB,PHI,2023-10-11
53,5.0,Pitcher Strikeouts,Aaron Nola,MLB,PHI,2023-10-11
54,4.5,hits_allowed,Aaron Nola,MLB,PHI,2023-10-11
55,8.0,Hitter Fantasy Score,Bryce Harper,MLB,PHI,2023-10-11
56,0.5,runs,Bryce Harper,MLB,PHI,2023-10-11
57,0.5,Walks Allowed,Bryce Harper,MLB,PHI,2023-10-11
58,8.5,Hitter Fantasy Score,Trea Turner,MLB,PHI,2023-10-11
59,1.5,Total Bases,Trea Turner,MLB,PHI,2023-10-11
60,2.0,PTS,Trea Turner,MLB,PHI,2023-10-11
61,0.5,runs,Trea Turner,MLB,PHI,2023-10-11
62,1.5,PTS,Kyle Schwarber,MLB,PHI,2023-10-11
63,7.0,Hitter Fantasy Score,Nick Castellanos,MLB,PHI,2023-10-11
64,1.5,PTS,Nick Castellanos,MLB,PHI,2023-10-11
65,7.0,Hitter Fantasy Score,J.T. Realmuto,MLB,PHI,2023-10-11
66,1.5,PTS,J.T. Realmuto,MLB,PHI,2023-10-11
67,2.0,PTS,Alec Bohm,MLB,PHI,2023-10-11
68,1.5,PTS,Bryson Stott,MLB,PHI,2023-10-11
69,0.5,Singles,Bryson Stott,MLB,PHI,2023-10-11
70,0.5,Singles,Johan Rojas,MLB,PHI,2023-10-11
71,19.5,Hitter Fantasy Score,Lance Lynn,MLB,LAD,2023-10-11
72,11.5,pitch_outs,Lance Lynn,MLB,LAD,2023-10-11
73,2.0,runs_allowed,Lance Lynn,MLB,LAD,2023-10-11
74,8.5,Hitter Fantasy Score,Mookie Betts,MLB,LAD,2023-10-11
75,1.5,Total Bases,Mookie Betts,MLB,LAD,2023-10-11
76,2.0,PTS,Mookie Betts,MLB,LAD,2023-10-11
77,0.5,runs,Mookie Betts,MLB,LAD,2023-10-11
78,0.5,Singles,Mookie Betts,MLB,LAD,2023-10-11
79,8.5,Hitter Fantasy Score,Freddie Freeman,MLB,LAD,2023-10-11
80,1.5,Total Bases,Freddie Freeman,MLB,LAD,2023-10-11
81,2.0,PTS,Freddie Freeman,MLB,LAD,2023-10-11
82,0.5,runs,Freddie Freeman,MLB,LAD,2023-10-11
83,1.5,Total Bases,Will Smith,MLB,LAD,2023-10-11
84,2.0,PTS,Will Smith,MLB,LAD,2023-10-11
85,0.5,Singles,Will Smith,MLB,LAD,2023-10-11
86,1.5,PTS,Max Muncy,MLB,LAD,2023-10-11
87,0.5,runs,Max Muncy,MLB,LAD,2023-10-11
88,0.5,Walks Allowed,Max Muncy,MLB,LAD,2023-10-11
89,7.5,Hitter Fantasy Score,J.D. Martinez,MLB,LAD,2023-10-11
90,1.5,PTS,J.D. Martinez,MLB,LAD,2023-10-11
91,0.5,batter_strikeouts,Jason Heyward,MLB,LAD,2023-10-11
92,0.5,batter_strikeouts,David Peralta,MLB,LAD,2023-10-11
93,0.5,Singles,Miguel Rojas,MLB,LAD,2023-10-11
94,3.5,Pitcher Strikeouts,Brandon Pfaadt,MLB,ARI,2023-10-11
95,12.0,pitch_outs,Brandon Pfaadt,MLB,ARI,2023-10-11
96,2.0,runs_allowed,Brandon Pfaadt,MLB,ARI,2023-10-11
97,10.0,Hitter Fantasy Score,Corbin Carroll,MLB,ARI,2023-10-11
98,2.0,PTS,Corbin Carroll,MLB,ARI,2023-10-11
99,0.5,runs,Corbin Carroll,MLB,ARI,2023-10-11
100,0.5,Singles,Corbin Carroll,MLB,ARI,2023-10-11
101,8.0,Hitter Fantasy Score,Ketel Marte,MLB,ARI,2023-10-11
102,0.5,runs,Ketel Marte,MLB,ARI,2023-10-11
103,0.5,Singles,Ketel Marte,MLB,ARI,2023-10-11
104,8.0,Hitter Fantasy Score,Christian Walker,MLB,ARI,2023-10-11
105,1.5,PTS,Christian Walker,MLB,ARI,2023-10-11
106,1.5,PTS,Tommy Pham,MLB,ARI,2023-10-11
107,0.5,Singles,Tommy Pham,MLB,ARI,2023-10-11
108,1.5,PTS,Gabriel Moreno,MLB,ARI,2023-10-11
109,0.5,Singles,Gabriel Moreno,MLB,ARI,2023-10-11
110,0.5,Total Bases,Evan Longoria,MLB,ARI,2023-10-11
111,0.5,Total Bases,Geraldo Perdomo,MLB,ARI,2023-10-11
112,1.5,PTS,Lourdes Gurriel Jr.,other,ARI,2023-10-11
113,0.5,Singles,Alek Thomas,MLB,ARI,2023-10-11
114,0.5,PTS,Filip Forsberg,NHL,NSH,2023-10-10
115,3.0,Goal Against,Juuse Saros,NHLSZN,c9d40440-587d-4874-bb38-e23dc4b381d6,
116,30.5,Goalie Saves,Juuse Saros,NHLSZN,c9d40440-587d-4874-bb38-e23dc4b381d6,
117,6.55,Hitter Fantasy Score,Filip Forsberg,NHL,NSH,2023-10-10
118,12.55,Hitter Fantasy Score,Juuse Saros,NHLSZN,c9d40440-587d-4874-bb38-e23dc4b381d6,
119,0.5,PTS,Roman Josi,NHL,NSH,2023-10-10
120,3.5,Shots,Roman Josi,NHL,NSH,2023-10-10
121,8.55,Hitter Fantasy Score,Roman Josi,NHL,NSH,2023-10-10
122,0.5,PTS,Thomas Novak,NHL,NSH,2023-10-10
123,0.5,PTS,Ryan O'Reilly,NHL,NSH,2023-10-10
124,5.05,Hitter Fantasy Score,Tyson Barrie,NHL,NSH,2023-10-10
125,6.05,Hitter Fantasy Score,Ryan O'Reilly,NHL,NSH,2023-10-10
126,2.5,Goal Against,Jonas Johansson,NHL,TB,2023-10-10
127,26.5,Goalie Saves,Jonas Johansson,NHL,TB,2023-10-10
128,0.5,AST,Steven Stamkos,NHLSZN,d8c2361e-83b1-4b77-952f-3ac010803e43,
129,0.5,power_play_points,Steven Stamkos,NHLSZN,d8c2361e-83b1-4b77-952f-3ac010803e43,
130,8.55,Hitter Fantasy Score,Steven Stamkos,NHLSZN,d8c2361e-83b1-4b77-952f-3ac010803e43,
131,3.5,Shots,Nikita Kucherov,NHLSZN,d8c2361e-83b1-4b77-952f-3ac010803e43,
132,0.5,power_play_points,Nikita Kucherov,NHLSZN,d8c2361e-83b1-4b77-952f-3ac010803e43,
133,11.05,Hitter Fantasy Score,Nikita Kucherov,NHLSZN,d8c2361e-83b1-4b77-952f-3ac010803e43,
134,0.5,PTS,Victor Hedman,NHL,TB,2023-10-10
135,2.5,Shots,Victor Hedman,NHL,TB,2023-10-10
136,2.0,Shots,Anthony Cirelli,NHL,TB,2023-10-10
137,8.05,Hitter Fantasy Score,Brayden Point,NHLSZN,d8c2361e-83b1-4b77-952f-3ac010803e43,
138,7.55,Hitter Fantasy Score,Victor Hedman,NHL,TB,2023-10-10
139,3.5,Goal Against,Petr Mrazek,NHLSZN,77b5276a-e527-4cf1-9278-a2e9c3e7671c,
140,31.5,Goalie Saves,Petr Mrazek,NHLSZN,77b5276a-e527-4cf1-9278-a2e9c3e7671c,
141,10.05,Hitter Fantasy Score,Petr Mrazek,NHLSZN,77b5276a-e527-4cf1-9278-a2e9c3e7671c,
142,6.55,Hitter Fantasy Score,Andreas Athanasiou,NHL,CHI,2023-10-10
143,3.5,Shots,Connor Bedard,NHLSZN,77b5276a-e527-4cf1-9278-a2e9c3e7671c,
144,7.05,Hitter Fantasy Score,Connor Bedard,NHLSZN,77b5276a-e527-4cf1-9278-a2e9c3e7671c,
145,0.5,PTS,Taylor Hall,NHL,CHI,2023-10-10
146,2.0,Shots,Tyler Johnson,NHL,CHI,2023-10-10
147,6.05,Hitter Fantasy Score,Tyler Johnson,NHL,CHI,2023-10-10
148,6.05,Hitter Fantasy Score,Taylor Hall,NHL,CHI,2023-10-10
149,24.5,Goalie Saves,Tristan Jarry,NHLSZN,e90c0702-9653-4cd0-984b-85a5e910ed2c,
150,12.05,Hitter Fantasy Score,Tristan Jarry,NHLSZN,e90c0702-9653-4cd0-984b-85a5e910ed2c,
151,0.5,AST,Sidney Crosby,NHLSZN,e90c0702-9653-4cd0-984b-85a5e910ed2c,
152,3.0,Shots,Sidney Crosby,NHLSZN,e90c0702-9653-4cd0-984b-85a5e910ed2c,
153,8.55,Hitter Fantasy Score,Sidney Crosby,NHLSZN,e90c0702-9653-4cd0-984b-85a5e910ed2c,
154,0.5,AST,Kris Letang,NHL,PIT,2023-10-10
155,2.5,Shots,Kris Letang,NHL,PIT,2023-10-10
156,8.05,Hitter Fantasy Score,Kris Letang,NHL,PIT,2023-10-10
157,0.5,AST,Evgeni Malkin,NHL,PIT,2023-10-10
158,7.55,Hitter Fantasy Score,Evgeni Malkin,NHL,PIT,2023-10-10
159,0.5,PTS,Reilly Smith,NHL,PIT,2023-10-10
160,0.5,PTS,Bryan Rust,NHL,PIT,2023-10-10
161,0.5,AST,Jake Guentzel,NHL,PIT,2023-10-10
162,2.5,Shots,Erik Karlsson,NHL,PIT,2023-10-10
163,2.0,Shots,Reilly Smith,NHL,PIT,2023-10-10
164,2.5,Shots,Bryan Rust,NHL,PIT,2023-10-10
165,3.0,Shots,Jake Guentzel,NHL,PIT,2023-10-10
166,7.55,Hitter Fantasy Score,Rickard Rakell,NHL,PIT,2023-10-10
167,8.55,Hitter Fantasy Score,Jake Guentzel,NHL,PIT,2023-10-10
168,8.05,Hitter Fantasy Score,Erik Karlsson,NHL,PIT,2023-10-10
169,26.5,Goalie Saves,Philipp Grubauer,NHLSZN,824bf296-31d5-4930-8c3d-03aa7f4129b4,
170,11.05,Hitter Fantasy Score,Philipp Grubauer,NHLSZN,824bf296-31d5-4930-8c3d-03aa7f4129b4,
171,0.5,PTS,Jordan Eberle,NHL,SEA,2023-10-10
172,0.5,PTS,Jaden Schwartz,NHL,SEA,2023-10-10
173,0.5,PTS,Matty Beniers,NHL,SEA,2023-10-10
174,0.5,PTS,Jared McCann,NHL,SEA,2023-10-10
175,0.5,PTS,Vince Dunn,NHL,SEA,2023-10-10
176,2.0,Shots,Matty Beniers,NHL,SEA,2023-10-10
177,2.5,Shots,Oliver Bjorkstrand,NHL,SEA,2023-10-10
178,6.05,Hitter Fantasy Score,Oliver Bjorkstrand,NHL,SEA,2023-10-10
179,5.05,Hitter Fantasy Score,Andre Burakovsky,NHL,SEA,2023-10-10
180,6.55,Hitter Fantasy Score,Jaden Schwartz,NHL,SEA,2023-10-10
181,7.05,Hitter Fantasy Score,Jared McCann,NHL,SEA,2023-10-10
182,6.05,Hitter Fantasy Score,Yanni Gourde,NHL,SEA,2023-10-10
183,5.55,Hitter Fantasy Score,Matty Beniers,NHL,SEA,2023-10-10
184,2.5,Goal Against,Adin Hill,NHLSZN,45046a87-8297-4f70-adf9-bcb3c40cc892,
185,26.5,Goalie Saves,Adin Hill,NHLSZN,45046a87-8297-4f70-adf9-bcb3c40cc892,
186,0.5,PTS,Chandler Stephenson,NHL,VGK,2023-10-10
187,0.5,PTS,Shea Theodore,NHL,VGK,2023-10-10
188,0.5,PTS,William Karlsson,NHL,VGK,2023-10-10
189,2.0,Shots,Alex Pietrangelo,NHL,VGK,2023-10-10
190,2.5,Shots,Mark Stone,NHL,VGK,2023-10-10
191,3.0,Shots,Jonathan Marchessault,NHL,VGK,2023-10-10
192,3.0,Shots,Jack Eichel,NHLSZN,45046a87-8297-4f70-adf9-bcb3c40cc892,
193,7.55,Hitter Fantasy Score,Shea Theodore,NHL,VGK,2023-10-10
194,8.05,Hitter Fantasy Score,Mark Stone,NHL,VGK,2023-10-10
195,9.05,Hitter Fantasy Score,Jack Eichel,NHLSZN,45046a87-8297-4f70-adf9-bcb3c40cc892,
196,7.05,Hitter Fantasy Score,Alex Pietrangelo,NHL,VGK,2023-10-10
197,231.5,Pass Yards,Jack Turner,CFB,LT,2023-10-10
198,0.5,rush_rec_tds,Tyre Shelton,CFB,LT,2023-10-10
199,85.5,Rush Yards,Tyre Shelton,CFB,LT,2023-10-10
200,0.5,rush_rec_tds,Smoke Harris,CFB,LT,2023-10-10
201,60.5,Receiving Yards,Cyrus Allen,CFB,LT,2023-10-10
202,67.5,Receiving Yards,Smoke Harris,CFB,LT,2023-10-10
203,1.5,passing_tds,Nicholas Vattiato,CFB,MTS,2023-10-10
204,267.5,Pass Yards,Nicholas Vattiato,CFB,MTS,2023-10-10
205,0.5,rush_rec_tds,Jaiden Credle,CFB,MTS,2023-10-10
206,51.5,Rush Yards,Frank Peasant,CFB,MTS,2023-10-10
207,0.5,rush_rec_tds,Elijah Metcalf,CFB,MTS,2023-10-10
208,65.5,Receiving Yards,Holden Willis,CFB,MTS,2023-10-10
209,59.5,Receiving Yards,Elijah Metcalf,CFB,MTS,2023-10-10
210,53.5,Rush Yards,Kaidon Salter,CFB,LIB,2023-10-10
211,75.5,Rush Yards,Quinton Cooley,CFB,LIB,2023-10-10
212,55.5,Receiving Yards,Treon Sibley,CFB,LIB,2023-10-10
213,70.5,Receiving Yards,CJ Daniels,CFB,LIB,2023-10-10
214,90.5,Rush Yards,Malik Jackson,CFB,JVS,2023-10-10
215,38.5,Receiving Yards,Perry Carter,CFB,JVS,2023-10-10
216,32.5,Receiving Yards,Quinton Lane,CFB,JVS,2023-10-10
217,269.5,Pass Yards,Grayson McCall,CFB,CC,2023-10-10
218,60.5,Rush Yards,Braydon Bennett,CFB,CC,2023-10-10
219,0.5,rush_rec_tds,Jared Brown,CFB,CC,2023-10-10
220,84.5,Receiving Yards,Sam Pinckney,CFB,CC,2023-10-10
221,60.5,Receiving Yards,Jared Brown,CFB,CC,2023-10-10
222,247.5,Pass Yards,Joey Aguilar,CFB,APP,2023-10-10
223,106.5,Rush Yards,Nate Noel,CFB,APP,2023-10-10
224,38.5,Receiving Yards,Christan Horn,CFB,APP,2023-10-10
225,59.5,Receiving Yards,Kaedin Robinson,CFB,APP,2023-10-10
226,60.5,Rush Yards,Torrance Burgess,CFB,TEP,2023-10-11
227,43.5,Receiving Yards,Tyrin Smith,CFB,TEP,2023-10-11
228,33.5,Receiving Yards,Kelly Akharaiyi,CFB,TEP,2023-10-11
229,220.5,Pass Yards,Keyone Jenkins,CFB,FIU,2023-10-11
230,37.5,Rush Yards,Shomari Lawrence,CFB,FIU,2023-10-11
231,0.5,rush_rec_tds,Kris Mitchell,CFB,FIU,2023-10-11
232,43.5,Receiving Yards,Dean Patterson,CFB,FIU,2023-10-11
233,82.5,Receiving Yards,Kris Mitchell,CFB,FIU,2023-10-11
234,225.5,Pass Yards,Keegan Shoemaker,CFB,SHS,2023-10-11
235,38.5,Rush Yards,Zach Hrbacek,CFB,SHS,2023-10-11
236,30.5,Receiving Yards,Malik Phillips,CFB,SHS,2023-10-11
237,62.5,Receiving Yards,Noah Smith,CFB,SHS,2023-10-11
238,193.5,Pass Yards,Diego Pavia,CFB,NMS,2023-10-11
239,42.5,Rush Yards,Star Thomas,CFB,NMS,2023-10-11
240,27.5,Receiving Yards,Trent Hudson,CFB,NMS,2023-10-11
241,36.5,Receiving Yards,Jonathan Brady,CFB,NMS,2023-10-11
242,164.5,Pass Yards,Garrett Greene,CFB,WVU,2023-10-12
243,40.5,Receiving Yards,Hudson Clement,CFB,WVU,2023-10-12
244,36.5,Receiving Yards,Devin Carter,CFB,WVU,2023-10-12
245,29.5,Receiving Yards,Kole Taylor,CFB,WVU,2023-10-12
246,250.5,Pass Yards,Donovan Smith,CFB,HOU,2023-10-12
247,33.5,Rush Yards,Donovan Smith,CFB,HOU,2023-10-12
248,76.5,Receiving Yards,Samuel Brown,CFB,HOU,2023-10-12
249,47.5,Receiving Yards,Joseph Manjack,CFB,HOU,2023-10-12
250,60.5,Receiving Yards,Matthew Golden,CFB,HOU,2023-10-12
251,260.5,Pass Yards,Preston Stone,CFB,SMU,2023-10-12
252,14.5,Rush Yards,Preston Stone,CFB,SMU,2023-10-12
253,42.5,Receiving Yards,Jake Bailey,CFB,SMU,2023-10-12
254,37.5,Receiving Yards,RJ Maryland,CFB,SMU,2023-10-12
255,49.5,Rush Yards,Rahjai Harris,CFB,ECU,2023-10-12
256,125.5,Pass Yards,Deacon Hill,CFB,IOW,2023-10-14
257,0.5,passing_ints,Deacon Hill,CFB,IOW,2023-10-14
258,59.5,Rush Yards,Kaleb Johnson,CFB,IOW,2023-10-14
259,20.5,Receiving Yards,Diante Vines,CFB,IOW,2023-10-14
260,16.5,Receiving Yards,Nico Ragaini,CFB,IOW,2023-10-14
261,10.5,Receiving Yards,Seth Anderson,CFB,IOW,2023-10-14
262,1.5,receiving_rec,Nico Ragaini,CFB,IOW,2023-10-14
263,39.5,Receiving Yards,Erick All,CFB,IOW,2023-10-14
264,3.5,receiving_rec,Erick All,CFB,IOW,2023-10-14
265,1.5,extra_points_made,Drew Stevens,CFB,IOW,2023-10-14
266,4.5,kicking_points,Drew Stevens,CFB,IOW,2023-10-14
267,178.5,Pass Yards,Tanner Mordecai,CFB,WIS,2023-10-14
268,27.5,Rush Yards,Tanner Mordecai,CFB,WIS,2023-10-14
269,211.5,passing_and_rushing_yds,Tanner Mordecai,CFB,WIS,2023-10-14
270,0.5,passing_ints,Tanner Mordecai,CFB,WIS,2023-10-14
271,95.5,Rush Yards,Braelon Allen,CFB,WIS,2023-10-14
272,30.5,Rush Yards,Jackson Acker,CFB,WIS,2023-10-14
273,9.5,Receiving Yards,Braelon Allen,CFB,WIS,2023-10-14
274,111.5,rush_rec_yds,Braelon Allen,CFB,WIS,2023-10-14
275,34.5,rush_rec_yds,Jackson Acker,CFB,WIS,2023-10-14
276,27.5,Receiving Yards,Chimere Dike,CFB,WIS,2023-10-14
277,12.5,Receiving Yards,C.J. Williams,CFB,WIS,2023-10-14
278,22.5,Receiving Yards,Bryson Green,CFB,WIS,2023-10-14
279,29.5,Receiving Yards,Will Pauling,CFB,WIS,2023-10-14
280,11.5,Receiving Yards,Skyler Bell,CFB,WIS,2023-10-14
281,2.0,receiving_rec,Bryson Green,CFB,WIS,2023-10-14
282,2.5,receiving_rec,Will Pauling,CFB,WIS,2023-10-14
283,2.5,receiving_rec,Chimere Dike,CFB,WIS,2023-10-14
284,14.5,Receiving Yards,Hayden Rucci,CFB,WIS,2023-10-14
285,1.5,receiving_rec,Hayden Rucci,CFB,WIS,2023-10-14
286,2.5,extra_points_made,Nathanial Vakos,CFB,WIS,2023-10-14
287,6.5,kicking_points,Nathanial Vakos,CFB,WIS,2023-10-14
288,21.0,PTS,Breanna Stewart,WNBA,NYL,2023-10-11
289,9.0,TRB,Breanna Stewart,WNBA,NYL,2023-10-11
290,16.0,PTS,Sabrina Ionescu,WNBA,NYL,2023-10-11
291,4.5,AST,Sabrina Ionescu,WNBA,NYL,2023-10-11
292,4.5,TRB,Sabrina Ionescu,WNBA,NYL,2023-10-11
293,9.5,PTS,Courtney Vandersloot,WNBA,NYL,2023-10-11
294,6.5,AST,Courtney Vandersloot,WNBA,NYL,2023-10-11
295,16.0,PTS,Jonquel Jones,WNBA,NYL,2023-10-11
296,11.5,TRB,Jonquel Jones,WNBA,NYL,2023-10-11
297,15.5,PTS,Betnijah Laney,WNBA,NYL,2023-10-11
298,4.5,TRB,Betnijah Laney,WNBA,NYL,2023-10-11
299,21.5,PTS,A'ja Wilson,WNBA,LVA,2023-10-11
300,19.5,PTS,Kelsey Plum,WNBA,LVA,2023-10-11
301,4.0,AST,Kelsey Plum,WNBA,LVA,2023-10-11
302,19.0,PTS,Jackie Young,WNBA,LVA,2023-10-11
303,4.5,AST,Jackie Young,WNBA,LVA,2023-10-11
304,17.0,PTS,Chelsea Gray,WNBA,LVA,2023-10-11
305,7.5,AST,Chelsea Gray,WNBA,LVA,2023-10-11
306,5.0,TRB,Chelsea Gray,WNBA,LVA,2023-10-11
307,14.5,PTS,Donovan Mitchell,NBA,CLE,2023-10-10
308,17.5,PTS+TRB+AST,Donovan Mitchell,NBA,CLE,2023-10-10
309,11.5,PTS,Darius Garland,NBASZN,1705b97c-bf42-4394-b608-dba0c5be0d00,
310,16.5,PTS+TRB+AST,Darius Garland,NBASZN,1705b97c-bf42-4394-b608-dba0c5be0d00,
311,4.5,AST,Darius Garland,NBASZN,1705b97c-bf42-4394-b608-dba0c5be0d00,
312,8.5,PTS,Evan Mobley,NBA,CLE,2023-10-10
313,14.5,PTS+TRB+AST,Evan Mobley,NBA,CLE,2023-10-10
314,13.5,PTS,LaMelo Ball,NBA,CHA,2023-10-10
315,18.5,PTS+TRB+AST,LaMelo Ball,NBA,CHA,2023-10-10
316,5.0,AST,LaMelo Ball,NBA,CHA,2023-10-10
317,4.0,TRB,LaMelo Ball,NBA,CHA,2023-10-10
318,11.5,PTS,Terry Rozier,NBA,CHA,2023-10-10
319,14.5,PTS+TRB+AST,Terry Rozier,NBA,CHA,2023-10-10
320,8.5,PTS,P.J. Washington,NBA,CHA,2023-10-10
321,13.0,PTS+TRB+AST,P.J. Washington,NBA,CHA,2023-10-10
322,11.5,PTS,Tyrese Haliburton,NBASZN,be9576d3-a00f-4b18-ae6c-9aa74ee18181,
323,18.5,PTS+TRB+AST,Tyrese Haliburton,NBASZN,be9576d3-a00f-4b18-ae6c-9aa74ee18181,
324,5.5,AST,Tyrese Haliburton,NBASZN,be9576d3-a00f-4b18-ae6c-9aa74ee18181,
325,9.0,PTS,Myles Turner,NBA,IND,2023-10-10
326,14.5,PTS+TRB+AST,Myles Turner,NBA,IND,2023-10-10
327,5.0,TRB,Myles Turner,NBA,IND,2023-10-10
328,15.5,PTS,Bennedict Mathurin,NBA,IND,2023-10-10
329,4.0,TRB,Bennedict Mathurin,NBA,IND,2023-10-10
330,14.5,PTS,Jalen Green,NBA,HOU,2023-10-10
331,19.0,PTS+TRB+AST,Jalen Green,NBA,HOU,2023-10-10
332,13.0,PTS,Jabari Smith Jr.,other,HOU,2023-10-10
333,19.0,PTS+TRB+AST,Jabari Smith Jr.,other,HOU,2023-10-10
334,4.5,TRB,Jabari Smith Jr.,other,HOU,2023-10-10
335,9.5,PTS,Alperen Sengun,NBA,HOU,2023-10-10
336,16.5,PTS+TRB+AST,Alperen Sengun,NBA,HOU,2023-10-10
337,5.5,TRB,Alperen Sengun,NBA,HOU,2023-10-10
338,14.5,PTS,Jaren Jackson Jr.,other,MEM,2023-10-10
339,21.5,PTS+TRB+AST,Jaren Jackson Jr.,other,MEM,2023-10-10
340,15.5,PTS,Desmond Bane,NBA,MEM,2023-10-10
341,21.5,PTS+TRB+AST,Desmond Bane,NBA,MEM,2023-10-10
342,13.0,PTS,Paolo Banchero,NBA,ORL,2023-10-10
343,18.5,PTS+TRB+AST,Paolo Banchero,NBA,ORL,2023-10-10
344,4.5,TRB,Paolo Banchero,NBA,ORL,2023-10-10
345,11.5,PTS,Franz Wagner,NBA,ORL,2023-10-10
346,18.0,PTS+TRB+AST,Franz Wagner,NBA,ORL,2023-10-10
347,6.0,TRB,Wendell Carter Jr.,other,ORL,2023-10-10
348,12.5,PTS,Zion Williamson,NBA,NOP,2023-10-10
349,17.5,PTS+TRB+AST,Zion Williamson,NBA,NOP,2023-10-10
350,4.5,TRB,Zion Williamson,NBA,NOP,2023-10-10
351,13.5,PTS,Brandon Ingram,NBA,NOP,2023-10-10
352,17.5,PTS+TRB+AST,Brandon Ingram,NBA,NOP,2023-10-10
353,11.5,PTS,CJ McCollum,NBA,NOP,2023-10-10
354,14.5,PTS+TRB+AST,CJ McCollum,NBA,NOP,2023-10-10
355,3.5,AST,CJ McCollum,NBA,NOP,2023-10-10
356,13.5,PTS,Lauri Markkanen,NBA,UTA,2023-10-10
357,20.5,PTS+TRB+AST,Lauri Markkanen,NBA,UTA,2023-10-10
358,6.0,TRB,Lauri Markkanen,NBA,UTA,2023-10-10
359,9.5,PTS,Walker Kessler,NBA,UTA,2023-10-10
360,16.0,PTS+TRB+AST,Walker Kessler,NBA,UTA,2023-10-10
361,6.5,TRB,Walker Kessler,NBA,UTA,2023-10-10
362,10.5,PTS,Collin Sexton,NBA,UTA,2023-10-10
363,15.5,PTS+TRB+AST,Collin Sexton,NBA,UTA,2023-10-10
364,10.5,PTS,Kawhi Leonard,NBA,LAC,2023-10-10
365,15.0,PTS+TRB+AST,Kawhi Leonard,NBA,LAC,2023-10-10
366,10.5,PTS,Paul George,NBA,LAC,2023-10-10
367,17.5,PTS+TRB+AST,Paul George,NBA,LAC,2023-10-10
368,6.5,PTS,Ivica Zubac,NBA,LAC,2023-10-10
369,12.5,PTS+TRB+AST,Ivica Zubac,NBA,LAC,2023-10-10
370,5.0,TRB,Ivica Zubac,NBA,LAC,2023-10-10
371,226.5,Pass Yards,Russell Wilson,NFL,DEN,2023-10-12
372,20.5,Rush Yards,Russell Wilson,NFL,DEN,2023-10-12
373,33.5,passing_att,Russell Wilson,NFL,DEN,2023-10-12
374,20.5,passing_comps,Russell Wilson,NFL,DEN,2023-10-12
375,0.5,passing_ints,Russell Wilson,NFL,DEN,2023-10-12
376,36.5,Rush Yards,Javonte Williams,NFL,DEN,2023-10-12
377,11.5,Receiving Yards,Javonte Williams,NFL,DEN,2023-10-12
378,3.5,receiving_rec,Courtland Sutton,NFL,DEN,2023-10-12
379,4.5,receiving_rec,Jerry Jeudy,NFL,DEN,2023-10-12
380,44.5,Receiving Yards,Courtland Sutton,NFL,DEN,2023-10-12
381,55.5,Receiving Yards,Jerry Jeudy,NFL,DEN,2023-10-12
382,5.5,Tackles,Alex Singleton,NFL,DEN,2023-10-12
383,4.5,AST,Alex Singleton,NFL,DEN,2023-10-12
384,10.0,tackles_and_assists,Alex Singleton,NFL,DEN,2023-10-12
385,5.5,tackles_and_assists,Justin Simmons,NFL,DEN,2023-10-12
386,7.5,tackles_and_assists,Josey Jewell,NFL,DEN,2023-10-12
387,3.5,Tackles,Damarri Mathis,NFL,DEN,2023-10-12
388,3.5,Tackles,Justin Simmons,NFL,DEN,2023-10-12
389,3.5,tackles_and_assists,Pat Surtain II,other,DEN,2023-10-12
390,2.0,AST,Kareem Jackson,NFL,DEN,2023-10-12
391,6.5,tackles_and_assists,Kareem Jackson,NFL,DEN,2023-10-12
392,4.5,Tackles,Josey Jewell,NFL,DEN,2023-10-12
393,5.0,tackles_and_assists,Damarri Mathis,NFL,DEN,2023-10-12
394,4.0,Tackles,Kareem Jackson,NFL,DEN,2023-10-12
395,273.5,Pass Yards,Patrick Mahomes,NFL,KC,2023-10-12
396,0.5,passing_ints,Patrick Mahomes,NFL,KC,2023-10-12
397,0.5,rush_rec_tds,Isiah Pacheco,NFL,KC,2023-10-12
398,73.5,Rush Yards,Isiah Pacheco,NFL,KC,2023-10-12
399,16.0,rushing_att,Isiah Pacheco,NFL,KC,2023-10-12
400,2.0,receiving_rec,Isiah Pacheco,NFL,KC,2023-10-12
401,12.5,Receiving Yards,Isiah Pacheco,NFL,KC,2023-10-12
402,89.5,rush_rec_yds,Isiah Pacheco,NFL,KC,2023-10-12
403,9.5,Rush Yards,Jerick McKinnon,NFL,KC,2023-10-12
404,13.5,Receiving Yards,Jerick McKinnon,NFL,KC,2023-10-12
405,25.5,rush_rec_yds,Jerick McKinnon,NFL,KC,2023-10-12
406,0.5,rush_rec_tds,Travis Kelce,NFL,KC,2023-10-12
407,27.5,Receiving Yards,Skyy Moore,NFL,KC,2023-10-12
408,18.5,Receiving Yards,Marquez Valdes-Scantling,NFL,KC,2023-10-12
409,31.5,Receiving Yards,Kadarius Toney,NFL,KC,2023-10-12
410,29.5,Receiving Yards,Rashee Rice,NFL,KC,2023-10-12
411,21.5,Receiving Yards,Justin Watson,NFL,KC,2023-10-12
412,3.0,Tackles,Justin Reid,NFL,KC,2023-10-12
413,1.5,AST,Justin Reid,NFL,KC,2023-10-12
414,4.5,tackles_and_assists,Justin Reid,NFL,KC,2023-10-12
415,3.5,Tackles,Trent McDuffie,NFL,KC,2023-10-12
416,5.0,tackles_and_assists,Trent McDuffie,NFL,KC,2023-10-12
417,221.5,Pass Yards,Lamar Jackson,NFL,BAL,2023-10-15
418,42.5,Rush Yards,Lamar Jackson,NFL,BAL,2023-10-15
419,0.5,passing_ints,Lamar Jackson,NFL,BAL,2023-10-15
420,53.5,Receiving Yards,Mark Andrews,NFL,BAL,2023-10-15
421,58.5,Receiving Yards,Zay Flowers,NFL,BAL,2023-10-15
422,1.5,field_goals_made,Justin Tucker,NFL,BAL,2023-10-15
423,2.0,extra_points_made,Justin Tucker,NFL,BAL,2023-10-15
424,6.5,kicking_points,Justin Tucker,NFL,BAL,2023-10-15
425,2.5,Tackles,Marcus Williams,NFL,BAL,2023-10-15
426,1.5,AST,Marcus Williams,NFL,BAL,2023-10-15
427,4.0,tackles_and_assists,Marcus Williams,NFL,BAL,2023-10-15
428,6.0,Tackles,Roquan Smith,NFL,BAL,2023-10-15
429,10.0,tackles_and_assists,Roquan Smith,NFL,BAL,2023-10-15
430,2.5,Tackles,Brandon Stephens,NFL,BAL,2023-10-15
431,4.0,tackles_and_assists,Brandon Stephens,NFL,BAL,2023-10-15
432,2.5,AST,Patrick Queen,NFL,BAL,2023-10-15
433,7.0,tackles_and_assists,Patrick Queen,NFL,BAL,2023-10-15
434,1.5,AST,Kyle Hamilton,NFL,BAL,2023-10-15
435,5.0,tackles_and_assists,Kyle Hamilton,NFL,BAL,2023-10-15
436,3.5,AST,Roquan Smith,NFL,BAL,2023-10-15
437,3.0,Tackles,Kyle Hamilton,NFL,BAL,2023-10-15
438,210.5,Pass Yards,Ryan Tannehill,NFL,TEN,2023-10-15
439,8.5,Rush Yards,Ryan Tannehill,NFL,TEN,2023-10-15
440,0.5,passing_ints,Ryan Tannehill,NFL,TEN,2023-10-15
441,64.5,Rush Yards,Derrick Henry,NFL,TEN,2023-10-15
442,9.5,Receiving Yards,Derrick Henry,NFL,TEN,2023-10-15
443,27.5,Rush Yards,Tyjae Spears,NFL,TEN,2023-10-15
444,14.5,Receiving Yards,Tyjae Spears,NFL,TEN,2023-10-15
445,58.5,Receiving Yards,DeAndre Hopkins,NFL,TEN,2023-10-15
446,32.5,Receiving Yards,Chig Okonkwo,NFL,TEN,2023-10-15
447,5.5,kicking_points,Nick Folk,NFL,TEN,2023-10-15
448,2.0,AST,Kevin Byard,NFL,TEN,2023-10-15
449,6.0,tackles_and_assists,Kevin Byard,NFL,TEN,2023-10-15
450,8.5,tackles_and_assists,Azeez Al-Shaair,NFL,TEN,2023-10-15
451,3.0,Tackles,Sean Murphy-Bunting,NFL,TEN,2023-10-15
452,4.5,tackles_and_assists,Sean Murphy-Bunting,NFL,TEN,2023-10-15
453,3.0,Tackles,Amani Hooker,NFL,TEN,2023-10-15
454,5.0,tackles_and_assists,Amani Hooker,NFL,TEN,2023-10-15
455,3.0,AST,Jack Gibbens,NFL,TEN,2023-10-15
456,7.0,tackles_and_assists,Jack Gibbens,NFL,TEN,2023-10-15
457,4.5,tackles_and_assists,Roger McCreary,NFL,TEN,2023-10-15
458,4.0,AST,Azeez Al-Shaair,NFL,TEN,2023-10-15
459,3.5,Tackles,Jack Gibbens,NFL,TEN,2023-10-15
460,3.0,Tackles,Roger McCreary,NFL,TEN,2023-10-15
461,0.5,sacks,Denico Autry,NFL,TEN,2023-10-15
462,215.5,Pass Yards,Justin Fields,NFL,CHI,2023-10-15
463,65.5,Receiving Yards,DJ Moore,NFL,CHI,2023-10-15
464,216.5,Pass Yards,Gardner Minshew II,other,IND,2023-10-15
465,64.5,Receiving Yards,Michael Pittman Jr.,other,IND,2023-10-15
466,249.5,Pass Yards,Trevor Lawrence,NFL,JAX,2023-10-15
467,68.5,Rush Yards,Travis Etienne Jr.,other,JAX,2023-10-15
468,253.5,Pass Yards,Geno Smith,NFL,SEA,2023-10-15
469,64.5,Rush Yards,Kenneth Walker III,other,SEA,2023-10-15
470,65.5,Receiving Yards,DK Metcalf,NFL,SEA,2023-10-15
471,0.5,rush_rec_tds,Joe Mixon,NFL,CIN,2023-10-15
472,67.5,Rush Yards,Joe Mixon,NFL,CIN,2023-10-15
473,215.5,Pass Yards,Bryce Young,NFL,CAR,2023-10-15
474,65.5,Receiving Yards,Adam Thielen,NFL,CAR,2023-10-15
475,282.5,Pass Yards,Tua Tagovailoa,NFL,MIA,2023-10-15
476,95.5,Receiving Yards,Tyreek Hill,NFL,MIA,2023-10-15
477,220.5,Pass Yards,Derek Carr,NFL,NO,2023-10-15
478,67.5,Rush Yards,Alvin Kamara,NFL,NO,2023-10-15
479,59.5,Receiving Yards,Chris Olave,NFL,NO,2023-10-15
480,240.5,Pass Yards,C.J. Stroud,NFL,HOU,2023-10-15
481,51.5,Rush Yards,Dameon Pierce,NFL,HOU,2023-10-15
482,55.5,Receiving Yards,Nico Collins,NFL,HOU,2023-10-15
483,75.5,Rush Yards,Christian McCaffrey,NFL,SF,2023-10-15
484,227.5,Pass Yards,Sam Howell,NFL,WAS,2023-10-15
485,54.5,Receiving Yards,Terry McLaurin,NFL,WAS,2023-10-15
486,186.5,Pass Yards,Desmond Ridder,NFL,ATL,2023-10-15
487,75.5,Rush Yards,Bijan Robinson,NFL,ATL,2023-10-15
488,45.5,Receiving Yards,Drake London,NFL,ATL,2023-10-15
489,245.5,Pass Yards,Jalen Hurts,NFL,PHI,2023-10-15
490,64.5,Rush Yards,D'Andre Swift,NFL,PHI,2023-10-15
491,79.5,Receiving Yards,A.J. Brown,NFL,PHI,2023-10-15
492,189.5,Pass Yards,Zach Wilson,NFL,NYJ,2023-10-15
493,65.5,Rush Yards,Breece Hall,NFL,NYJ,2023-10-15
494,54.5,Receiving Yards,Garrett Wilson,NFL,NYJ,2023-10-15
495,203.5,Pass Yards,Joshua Dobbs,NFL,ARI,2023-10-15
496,57.5,Rush Yards,James Conner,NFL,ARI,2023-10-15
497,57.5,Receiving Yards,Marquise Brown,NFL,ARI,2023-10-15
498,271.5,Pass Yards,Matthew Stafford,NFL,LAR,2023-10-15
499,56.5,Rush Yards,Kyren Williams,NFL,LAR,2023-10-15
500,89.5,Receiving Yards,Cooper Kupp,NFL,LAR,2023-10-15
501,52.5,Rush Yards,James Cook,NFL,BUF,2023-10-15
502,89.5,Receiving Yards,Stefon Diggs,NFL,BUF,2023-10-15
503,3.0,Aces,Claire Liu,other,Claire Liu,
504,2.0,Double Faults,Claire Liu,other,Claire Liu,
505,43.65,Hitter Fantasy Score,Claire Liu,other,Claire Liu,
506,22.0,games_played,Claire Liu,other,Claire Liu,
507,2.0,Aces,Polina Kudermetova,other,Polina Kudermetova,
508,5.0,Double Faults,Polina Kudermetova,other,Polina Kudermetova,
509,47.85,Hitter Fantasy Score,Polina Kudermetova,other,Polina Kudermetova,
510,11.5,Games Lost,Polina Kudermetova,other,Polina Kudermetova,
511,21.0,games_played,Polina Kudermetova,other,Polina Kudermetova,
512,8.0,Aces,Nicolas Jarry,other,Nicolas Jarry,
513,1.5,Double Faults,Nicolas Jarry,other,Nicolas Jarry,
514,46.85,Hitter Fantasy Score,Nicolas Jarry,other,Nicolas Jarry,
515,2.5,Break Points Won,Nicolas Jarry,other,Nicolas Jarry,
516,12.5,Games Won,Nicolas Jarry,other,Nicolas Jarry,
517,12.0,Games Lost,Nicolas Jarry,other,Nicolas Jarry,
518,22.5,games_played,Nicolas Jarry,other,Nicolas Jarry,
519,4.0,Aces,Ekaterina Alexandrova,other,Ekaterina Alexandrova,
520,6.5,Double Faults,Ekaterina Alexandrova,other,Ekaterina Alexandrova,
521,0.5,sets_lost,Ekaterina Alexandrova,other,Ekaterina Alexandrova,
522,47.55,Hitter Fantasy Score,Ekaterina Alexandrova,other,Ekaterina Alexandrova,
523,4.5,Break Points Won,Ekaterina Alexandrova,other,Ekaterina Alexandrova,
524,2.5,Service Games Lost,Ekaterina Alexandrova,other,Ekaterina Alexandrova,
525,12.5,Games Won,Ekaterina Alexandrova,other,Ekaterina Alexandrova,
526,9.5,Games Lost,Ekaterina Alexandrova,other,Ekaterina Alexandrova,
527,20.5,games_played,Ekaterina Alexandrova,other,Ekaterina Alexandrova,
528,2.0,Double Faults,Ugo Humbert,other,Ugo Humbert,
529,46.75,Hitter Fantasy Score,Ugo Humbert,other,Ugo Humbert,
530,2.5,Break Points Won,Ugo Humbert,other,Ugo Humbert,
531,12.5,Games Lost,Ugo Humbert,other,Ugo Humbert,
532,23.0,games_played,Ugo Humbert,other,Ugo Humbert,
533,2.0,Aces,Kaja Juvan,other,Kaja Juvan,
534,3.0,Double Faults,Kaja Juvan,other,Kaja Juvan,
535,44.75,Hitter Fantasy Score,Kaja Juvan,other,Kaja Juvan,
536,4.5,Break Points Won,Kaja Juvan,other,Kaja Juvan,
537,22.0,games_played,Kaja Juvan,other,Kaja Juvan,
538,2.5,Aces,Magdalena Frech,other,Magdalena Frech,
539,2.0,Double Faults,Magdalena Frech,other,Magdalena Frech,
540,52.75,Hitter Fantasy Score,Magdalena Frech,other,Magdalena Frech,
541,5.5,Games Lost,Magdalena Frech,other,Magdalena Frech,
542,17.5,games_played,Magdalena Frech,other,Magdalena Frech,
543,54.65,Hitter Fantasy Score,Sara Sorribes,other,Sara Sorribes,
544,4.5,Games Lost,Sara Sorribes,other,Sara Sorribes,
545,16.0,games_played,Sara Sorribes,other,Sara Sorribes,
546,3.0,Aces,Beatriz Haddad,other,Beatriz Haddad,
547,4.0,Double Faults,Beatriz Haddad,other,Beatriz Haddad,
548,45.35,Hitter Fantasy Score,Beatriz Haddad,other,Beatriz Haddad,
549,11.5,Games Lost,Beatriz Haddad,other,Beatriz Haddad,
550,21.0,games_played,Beatriz Haddad,other,Beatriz Haddad,
551,2.0,Aces,Anhelina Kalinina,other,Anhelina Kalinina,
552,4.0,Double Faults,Anhelina Kalinina,other,Anhelina Kalinina,
553,45.85,Hitter Fantasy Score,Anhelina Kalinina,other,Anhelina Kalinina,
554,4.5,Break Points Won,Anhelina Kalinina,other,Anhelina Kalinina,
555,3.5,Service Games Lost,Anhelina Kalinina,other,Anhelina Kalinina,
556,11.5,Games Lost,Anhelina Kalinina,other,Anhelina Kalinina,
557,21.0,games_played,Anhelina Kalinina,other,Anhelina Kalinina,
558,0.5,sets_lost,Alina Korneeva,other,Alina Korneeva,
559,12.5,Games Won,Alina Korneeva,other,Alina Korneeva,
560,10.0,Games Lost,Alina Korneeva,other,Alina Korneeva,
561,21.0,games_played,Alina Korneeva,other,Alina Korneeva,
562,21.5,games_played,Sofya Lansere,other,Sofya Lansere,
563,42.55,Hitter Fantasy Score,Elise Mertens,other,Elise Mertens,
564,11.5,Games Lost,Elise Mertens,other,Elise Mertens,
565,21.0,games_played,Elise Mertens,other,Elise Mertens,
566,7.5,Aces,Caroline Garcia,other,Caroline Garcia,
567,3.0,Double Faults,Caroline Garcia,other,Caroline Garcia,
568,47.95,Hitter Fantasy Score,Caroline Garcia,other,Caroline Garcia,
569,12.5,Games Won,Caroline Garcia,other,Caroline Garcia,
570,11.5,Games Lost,Caroline Garcia,other,Caroline Garcia,
571,21.5,games_played,Caroline Garcia,other,Caroline Garcia,
572,3.0,Aces,Donna Vekic,other,Donna Vekic,
573,3.5,Aces,Ons Jabeur,other,Ons Jabeur,
574,3.0,Aces,Jessica Pegula,other,Jessica Pegula,
575,3.0,Aces,Maria Sakkari,other,Maria Sakkari,
576,3.5,Aces,Carlos Alcaraz,other,Carlos Alcaraz,
577,1.5,Double Faults,Carlos Alcaraz,other,Carlos Alcaraz,
578,3.0,Double Faults,Ons Jabeur,other,Ons Jabeur,
579,3.5,Double Faults,Jessica Pegula,other,Jessica Pegula,
580,3.0,Double Faults,Maria Sakkari,other,Maria Sakkari,
581,4.0,Double Faults,Donna Vekic,other,Donna Vekic,
582,51.25,Hitter Fantasy Score,Carlos Alcaraz,other,Carlos Alcaraz,
583,46.35,Hitter Fantasy Score,Andrey Rublev,other,Andrey Rublev,
584,44.35,Hitter Fantasy Score,Maria Sakkari,other,Maria Sakkari,
585,45.15,Hitter Fantasy Score,Barbora Krejcikova,other,Barbora Krejcikova,
586,49.55,Hitter Fantasy Score,Liudmila Samsonova,other,Liudmila Samsonova,
587,43.65,Hitter Fantasy Score,Donna Vekic,other,Donna Vekic,
588,52.45,Hitter Fantasy Score,Jessica Pegula,other,Jessica Pegula,
589,49.55,Hitter Fantasy Score,Ons Jabeur,other,Ons Jabeur,
590,2.5,Break Points Won,Andrey Rublev,other,Andrey Rublev,
591,4.5,Break Points Won,Donna Vekic,other,Donna Vekic,
592,1.5,Service Games Lost,Andrey Rublev,other,Andrey Rublev,
593,3.5,Service Games Lost,Maria Sakkari,other,Maria Sakkari,
594,2.5,Service Games Lost,Jessica Pegula,other,Jessica Pegula,
595,12.5,Games Won,Carlos Alcaraz,other,Carlos Alcaraz,
596,12.5,Games Won,Liudmila Samsonova,other,Liudmila Samsonova,
597,12.5,Games Won,Barbora Krejcikova,other,Barbora Krejcikova,
598,12.5,Games Won,Maria Sakkari,other,Maria Sakkari,
599,9.0,Games Lost,Carlos Alcaraz,other,Carlos Alcaraz,
600,12.0,Games Lost,Andrey Rublev,other,Andrey Rublev,
601,8.0,Games Lost,Jessica Pegula,other,Jessica Pegula,
602,11.0,Games Lost,Barbora Krejcikova,other,Barbora Krejcikova,
603,9.0,Games Lost,Liudmila Samsonova,other,Liudmila Samsonova,
604,12.0,Games Lost,Donna Vekic,other,Donna Vekic,
605,8.0,Games Lost,Ons Jabeur,other,Ons Jabeur,
606,12.0,Games Lost,Maria Sakkari,other,Maria Sakkari,
607,21.5,games_played,Carlos Alcaraz,other,Carlos Alcaraz,
608,22.5,games_played,Andrey Rublev,other,Andrey Rublev,
609,21.5,games_played,Barbora Krejcikova,other,Barbora Krejcikova,
610,20.0,games_played,Jessica Pegula,other,Jessica Pegula,
611,20.5,games_played,Liudmila Samsonova,other,Liudmila Samsonova,
612,22.0,games_played,Maria Sakkari,other,Maria Sakkari,
613,19.5,games_played,Ons Jabeur,other,Ons Jabeur,
614,21.5,games_played,Donna Vekic,other,Donna Vekic,
615,68.5,Strokes,Luke List,other,Luke List,
616,67.5,Strokes,Tom Kim,other,Tom Kim,
617,68.0,Strokes,Nicolai Hojgaard,other,Nicolai Hojgaard,
618,68.0,Strokes,Eric Cole,other,Eric Cole,
619,68.0,Strokes,Adam Schenk,other,Adam Schenk,
620,68.5,Strokes,Aaron Rai,other,Aaron Rai,
621,68.0,Strokes,J.T. Poston,other,J.T. Poston,
622,68.5,Strokes,Mark Hubbard,other,Mark Hubbard,
623,68.0,Strokes,J.J. Spaun,other,J.J. Spaun,
624,68.0,Strokes,Adam Hadwin,other,Adam Hadwin,
625,67.5,Strokes,Ludvig Aberg,other,Ludvig Aberg,
626,68.5,Strokes,Lucas Herbert,other,Lucas Herbert,
627,68.5,Strokes,Tom Hoge,other,Tom Hoge,
628,68.0,Strokes,Cameron Davis,other,Cameron Davis,
629,68.5,Strokes,Adam Svensson,other,Adam Svensson,
630,68.5,Strokes,Christiaan Bezuidenhout,other,Christiaan Bezuidenhout,
631,68.0,Strokes,Si Woo,other,Si Woo,
632,68.5,Strokes,Emiliano Grillo,other,Emiliano Grillo,
633,68.0,Strokes,Alex Smalley,other,Alex Smalley,
634,68.0,Strokes,Beau Hossler,other,Beau Hossler,
635,5.0,Birdies or Better,Eric Cole,other,Eric Cole,
636,5.0,Birdies or Better,Nicolai Hojgaard,other,Nicolai Hojgaard,
637,5.5,Birdies or Better,Ludvig Aberg,other,Ludvig Aberg,
638,4.5,Birdies or Better,Luke List,other,Luke List,
639,5.0,Birdies or Better,Adam Schenk,other,Adam Schenk,
640,5.0,Birdies or Better,J.J. Spaun,other,J.J. Spaun,
641,5.0,Birdies or Better,Si Woo,other,Si Woo,
642,5.5,Birdies or Better,Tom Kim,other,Tom Kim,
643,4.5,Birdies or Better,Emiliano Grillo,other,Emiliano Grillo,
644,4.5,Birdies or Better,Lucas Herbert,other,Lucas Herbert,
645,5.0,Birdies or Better,Adam Hadwin,other,Adam Hadwin,
646,4.5,Birdies or Better,Christiaan Bezuidenhout,other,Christiaan Bezuidenhout,
647,5.0,Birdies or Better,Cameron Davis,other,Cameron Davis,
648,4.5,Birdies or Better,Aaron Rai,other,Aaron Rai,
649,4.5,Birdies or Better,Tom Hoge,other,Tom Hoge,
650,4.5,Birdies or Better,Beau Hossler,other,Beau Hossler,
651,4.5,Birdies or Better,Alex Smalley,other,Alex Smalley,
652,5.0,Birdies or Better,J.T. Poston,other,J.T. Poston,
653,5.0,Birdies or Better,Mark Hubbard,other,Mark Hubbard,
654,1.5,Bogeys or Worse,Emiliano Grillo,other,Emiliano Grillo,
655,1.5,Bogeys or Worse,J.J. Spaun,other,J.J. Spaun,
656,1.5,Bogeys or Worse,Adam Hadwin,other,Adam Hadwin,
657,1.5,Bogeys or Worse,J.T. Poston,other,J.T. Poston,
658,2.0,Bogeys or Worse,Tom Hoge,other,Tom Hoge,
659,1.5,Bogeys or Worse,Adam Schenk,other,Adam Schenk,
660,1.5,Bogeys or Worse,Eric Cole,other,Eric Cole,
661,2.0,Bogeys or Worse,Beau Hossler,other,Beau Hossler,
662,2.0,Bogeys or Worse,Adam Svensson,other,Adam Svensson,
663,1.5,Bogeys or Worse,Si Woo,other,Si Woo,
664,2.0,Bogeys or Worse,Alex Smalley,other,Alex Smalley,
665,2.0,Bogeys or Worse,Christiaan Bezuidenhout,other,Christiaan Bezuidenhout,
666,1.5,Bogeys or Worse,Tom Kim,other,Tom Kim,
667,2.0,Bogeys or Worse,Mark Hubbard,other,Mark Hubbard,
668,1.5,Bogeys or Worse,Aaron Rai,other,Aaron Rai,
669,1.5,Bogeys or Worse,Nicolai Hojgaard,other,Nicolai Hojgaard,
670,2.0,Bogeys or Worse,Luke List,other,Luke List,
671,1.5,Bogeys or Worse,Ludvig Aberg,other,Ludvig Aberg,
672,1.5,Bogeys or Worse,Cameron Davis,other,Cameron Davis,
673,12.5,cumulative_par_3_strokes,Tom Hoge,other,Tom Hoge,
674,12.5,cumulative_par_3_strokes,Alex Smalley,other,Alex Smalley,
675,12.5,cumulative_par_3_strokes,Aaron Rai,other,Aaron Rai,
676,12.0,cumulative_par_3_strokes,Cameron Davis,other,Cameron Davis,
677,12.0,cumulative_par_3_strokes,Ludvig Aberg,other,Ludvig Aberg,
678,12.0,cumulative_par_3_strokes,J.T. Poston,other,J.T. Poston,
679,12.0,cumulative_par_3_strokes,Lucas Herbert,other,Lucas Herbert,
680,12.5,cumulative_par_3_strokes,Luke List,other,Luke List,
681,12.0,cumulative_par_3_strokes,Adam Hadwin,other,Adam Hadwin,
682,12.0,cumulative_par_3_strokes,Eric Cole,other,Eric Cole,
683,12.0,cumulative_par_3_strokes,Emiliano Grillo,other,Emiliano Grillo,
684,12.0,cumulative_par_3_strokes,Adam Schenk,other,Adam Schenk,
685,12.5,cumulative_par_3_strokes,Adam Svensson,other,Adam Svensson,
686,12.0,cumulative_par_3_strokes,Nicolai Hojgaard,other,Nicolai Hojgaard,
687,12.0,cumulative_par_3_strokes,Tom Kim,other,Tom Kim,
688,12.5,cumulative_par_3_strokes,Mark Hubbard,other,Mark Hubbard,
689,12.5,cumulative_par_3_strokes,Beau Hossler,other,Beau Hossler,
690,12.5,cumulative_par_3_strokes,Christiaan Bezuidenhout,other,Christiaan Bezuidenhout,
691,12.0,cumulative_par_3_strokes,Si Woo,other,Si Woo,
692,12.0,cumulative_par_3_strokes,J.J. Spaun,other,J.J. Spaun,
693,37.75,Hitter Fantasy Score,Tom Kim,other,Tom Kim,
694,35.35,Hitter Fantasy Score,Adam Hadwin,other,Adam Hadwin,
695,35.65,Hitter Fantasy Score,J.T. Poston,other,J.T. Poston,
696,32.05,Hitter Fantasy Score,Tom Hoge,other,Tom Hoge,
697,35.25,Hitter Fantasy Score,J.J. Spaun,other,J.J. Spaun,
698,35.75,Hitter Fantasy Score,Cameron Davis,other,Cameron Davis,
699,33.45,Hitter Fantasy Score,Emiliano Grillo,other,Emiliano Grillo,
700,37.75,Hitter Fantasy Score,Ludvig Aberg,other,Ludvig Aberg,
701,35.35,Hitter Fantasy Score,Nicolai Hojgaard,other,Nicolai Hojgaard,
702,35.35,Hitter Fantasy Score,Eric Cole,other,Eric Cole,
703,32.05,Hitter Fantasy Score,Luke List,other,Luke List,
704,32.05,Hitter Fantasy Score,Beau Hossler,other,Beau Hossler,
705,33.35,Hitter Fantasy Score,Lucas Herbert,other,Lucas Herbert,
706,35.75,Hitter Fantasy Score,Si Woo,other,Si Woo,
707,32.05,Hitter Fantasy Score,Christiaan Bezuidenhout,other,Christiaan Bezuidenhout,
708,33.25,Hitter Fantasy Score,Aaron Rai,other,Aaron Rai,
709,35.35,Hitter Fantasy Score,Adam Schenk,other,Adam Schenk,
710,33.95,Hitter Fantasy Score,Alex Smalley,other,Alex Smalley,
711,33.05,Hitter Fantasy Score,Mark Hubbard,other,Mark Hubbard,
712,33.05,Hitter Fantasy Score,Adam Svensson,other,Adam Svensson,
713,29.3,fantasy_points_on_maps_1_2,ApaMen,ESPORTS,Detonation FocusMe ,2023-10-11
714,3.0,kills_in_maps_1_2,ApaMen,ESPORTS,Detonation FocusMe ,2023-10-11
715,13.0,kills_in_maps_1_2,Aria+Yutapon,ESPORTS,Detonation FocusMe ,2023-10-11
716,40.7,fantasy_points_on_maps_1_2,Steal,ESPORTS,Detonation FocusMe ,2023-10-11
717,3.0,kills_in_maps_1_2,Steal,ESPORTS,Detonation FocusMe ,2023-10-11
718,42.0,fantasy_points_on_maps_1_2,Aria,ESPORTS,Detonation FocusMe ,2023-10-11
719,6.0,kills_in_maps_1_2,Aria,ESPORTS,Detonation FocusMe ,2023-10-11
720,36.4,fantasy_points_on_maps_1_2,Harp,ESPORTS,Detonation FocusMe ,2023-10-11
721,1.0,kills_in_maps_1_2,Harp,ESPORTS,Detonation FocusMe ,2023-10-11
722,48.9,fantasy_points_on_maps_1_2,Yutapon,ESPORTS,Detonation FocusMe ,2023-10-11
723,6.0,kills_in_maps_1_2,Yutapon,ESPORTS,Detonation FocusMe ,2023-10-11
724,20.0,kills_in_maps_1_2,Jimien+Shunn,ESPORTS, CTBC Flying Oyster,2023-10-11
725,45.7,fantasy_points_on_maps_1_2,Rest,ESPORTS, CTBC Flying Oyster,2023-10-11
726,6.0,kills_in_maps_1_2,Rest,ESPORTS, CTBC Flying Oyster,2023-10-11
727,48.4,fantasy_points_on_maps_1_2,Gemini,ESPORTS, CTBC Flying Oyster,2023-10-11
728,4.0,kills_in_maps_1_2,Gemini,ESPORTS, CTBC Flying Oyster,2023-10-11
729,53.3,fantasy_points_on_maps_1_2,JimieN,ESPORTS, CTBC Flying Oyster,2023-10-11
730,8.0,kills_in_maps_1_2,JimieN,ESPORTS, CTBC Flying Oyster,2023-10-11
731,42.5,fantasy_points_on_maps_1_2,ShiauC,ESPORTS, CTBC Flying Oyster,2023-10-11
732,1.5,kills_in_maps_1_2,ShiauC,ESPORTS, CTBC Flying Oyster,2023-10-11
733,67.2,fantasy_points_on_maps_1_2,Shunn,ESPORTS, CTBC Flying Oyster,2023-10-11
734,12.0,kills_in_maps_1_2,Shunn,ESPORTS, CTBC Flying Oyster,2023-10-11
735,56.5,fantasy_points_on_maps_1_2,Adam,ESPORTS,BDS ,2023-10-11
736,7.5,kills_in_maps_1_2,Adam,ESPORTS,BDS ,2023-10-11
737,58.9,fantasy_points_on_maps_1_2,Sheo,ESPORTS,BDS ,2023-10-11
738,5.0,kills_in_maps_1_2,Sheo,ESPORTS,BDS ,2023-10-11
739,69.9,fantasy_points_on_maps_1_2,nuc,ESPORTS,BDS ,2023-10-11
740,9.5,kills_in_maps_1_2,nuc,ESPORTS,BDS ,2023-10-11
741,55.8,fantasy_points_on_maps_1_2,labrov,ESPORTS,BDS ,2023-10-11
742,1.5,kills_in_maps_1_2,labrov,ESPORTS,BDS ,2023-10-11
743,66.1,fantasy_points_on_maps_1_2,Crownie,ESPORTS,BDS ,2023-10-11
744,11.5,kills_in_maps_1_2,Crownie,ESPORTS,BDS ,2023-10-11
745,20.5,kills_in_maps_1_2,nuc,ESPORTS,BDS ,2023-10-11
746,8.5,kills_in_maps_1_2,Artemis+Gloryy,ESPORTS, Team Whales,2023-10-11
747,20.0,fantasy_points_on_maps_1_2,Sparda,ESPORTS, Team Whales,2023-10-11
748,3.0,kills_in_maps_1_2,Sparda,ESPORTS, Team Whales,2023-10-11
749,20.9,fantasy_points_on_maps_1_2,BeanJ,ESPORTS, Team Whales,2023-10-11
750,2.5,kills_in_maps_1_2,BeanJ,ESPORTS, Team Whales,2023-10-11
751,27.0,fantasy_points_on_maps_1_2,Gloryy,ESPORTS, Team Whales,2023-10-11
752,4.0,kills_in_maps_1_2,Gloryy,ESPORTS, Team Whales,2023-10-11
753,20.0,fantasy_points_on_maps_1_2,Bie,ESPORTS, Team Whales,2023-10-11
754,0.5,kills_in_maps_1_2,Bie,ESPORTS, Team Whales,2023-10-11
755,31.2,fantasy_points_on_maps_1_2,Artemis,ESPORTS, Team Whales,2023-10-11
756,5.5,kills_in_maps_1_2,Artemis,ESPORTS, Team Whales,2023-10-11
757,17.5,kills_in_maps_1_2,Kati,ESPORTS,GAM Esports ,2023-10-13
758,47.9,fantasy_points_on_maps_1_2,Kiaya,ESPORTS,GAM Esports ,2023-10-13
759,5.5,kills_in_maps_1_2,Kiaya,ESPORTS,GAM Esports ,2023-10-13
760,55.6,fantasy_points_on_maps_1_2,Levi,ESPORTS,GAM Esports ,2023-10-13
761,6.0,kills_in_maps_1_2,Levi,ESPORTS,GAM Esports ,2023-10-13
762,55.5,fantasy_points_on_maps_1_2,Kati,ESPORTS,GAM Esports ,2023-10-13
763,6.5,kills_in_maps_1_2,Kati,ESPORTS,GAM Esports ,2023-10-13
764,43.8,fantasy_points_on_maps_1_2,Palette,ESPORTS,GAM Esports ,2023-10-13
765,1.5,kills_in_maps_1_2,Palette,ESPORTS,GAM Esports ,2023-10-13
766,62.9,fantasy_points_on_maps_1_2,Slayder,ESPORTS,GAM Esports ,2023-10-13
767,11.0,kills_in_maps_1_2,Slayder,ESPORTS,GAM Esports ,2023-10-13
768,13.0,kills_in_maps_1_2,Mireu+Ceo,ESPORTS, Movistar R7,2023-10-13
769,33.3,fantasy_points_on_maps_1_2,Bong,ESPORTS, Movistar R7,2023-10-13
770,4.5,kills_in_maps_1_2,Bong,ESPORTS, Movistar R7,2023-10-13
771,38.5,fantasy_points_on_maps_1_2,Oddie,ESPORTS, Movistar R7,2023-10-13
772,4.0,kills_in_maps_1_2,Oddie,ESPORTS, Movistar R7,2023-10-13
773,40.8,fantasy_points_on_maps_1_2,Mireu,ESPORTS, Movistar R7,2023-10-13
774,7.0,kills_in_maps_1_2,Mireu,ESPORTS, Movistar R7,2023-10-13
775,31.5,fantasy_points_on_maps_1_2,Lyonz,ESPORTS, Movistar R7,2023-10-13
776,1.5,kills_in_maps_1_2,Lyonz,ESPORTS, Movistar R7,2023-10-13
777,43.1,fantasy_points_on_maps_1_2,Ceo,ESPORTS, Movistar R7,2023-10-13
778,7.5,kills_in_maps_1_2,Ceo,ESPORTS, Movistar R7,2023-10-13
779,13.0,kills_in_maps_1_2,Route+Tinowns,ESPORTS,LOUD ,2023-10-12
780,38.9,fantasy_points_on_maps_1_2,Robo,ESPORTS,LOUD ,2023-10-12
781,4.5,kills_in_maps_1_2,Robo,ESPORTS,LOUD ,2023-10-12
782,40.7,fantasy_points_on_maps_1_2,Croc,ESPORTS,LOUD ,2023-10-12
783,3.0,kills_in_maps_1_2,Croc,ESPORTS,LOUD ,2023-10-12
784,45.8,fantasy_points_on_maps_1_2,Tinowns,ESPORTS,LOUD ,2023-10-12
785,5.5,kills_in_maps_1_2,Tinowns,ESPORTS,LOUD ,2023-10-12
786,34.4,fantasy_points_on_maps_1_2,Ceos,ESPORTS,LOUD ,2023-10-12
787,1.0,kills_in_maps_1_2,Ceos,ESPORTS,LOUD ,2023-10-12
788,49.9,fantasy_points_on_maps_1_2,Route,ESPORTS,LOUD ,2023-10-12
789,7.0,kills_in_maps_1_2,Route,ESPORTS,LOUD ,2023-10-12
790,17.0,kills_in_maps_1_2,Maple+Wako,ESPORTS, PSG Talon,2023-10-12
791,39.0,fantasy_points_on_maps_1_2,Azhi,ESPORTS, PSG Talon,2023-10-12
792,5.5,kills_in_maps_1_2,Azhi,ESPORTS, PSG Talon,2023-10-12
793,44.4,fantasy_points_on_maps_1_2,JunJia,ESPORTS, PSG Talon,2023-10-12
794,5.5,kills_in_maps_1_2,JunJia,ESPORTS, PSG Talon,2023-10-12
795,48.0,fantasy_points_on_maps_1_2,Maple,ESPORTS, PSG Talon,2023-10-12
796,8.5,kills_in_maps_1_2,Maple,ESPORTS, PSG Talon,2023-10-12
797,36.8,fantasy_points_on_maps_1_2,Woody,ESPORTS, PSG Talon,2023-10-12
798,1.5,kills_in_maps_1_2,Woody,ESPORTS, PSG Talon,2023-10-12
799,51.6,fantasy_points_on_maps_1_2,Wako,ESPORTS, PSG Talon,2023-10-12
800,9.5,kills_in_maps_1_2,Wako,ESPORTS, PSG Talon,2023-10-12
801,40.0,MAPS 1-2 Kills,enerii,ESPORTS,Team SMG GC ,2023-10-11
802,34.5,MAPS 1-2 Kills,Kohaibi,ESPORTS,Team SMG GC ,2023-10-11
803,33.5,MAPS 1-2 Kills,Alexy,ESPORTS,Team SMG GC ,2023-10-11
804,31.0,MAPS 1-2 Kills,shirazi,ESPORTS,Team SMG GC ,2023-10-11
805,27.0,MAPS 1-2 Kills,Kamiyu,ESPORTS,Team SMG GC ,2023-10-11
806,24.5,MAPS 1-2 Kills,CaspeR,ESPORTS, Orangutan X,2023-10-11
807,22.5,MAPS 1-2 Kills,Japips,ESPORTS, Orangutan X,2023-10-11
808,27.5,MAPS 1-2 Kills,Twirly,ESPORTS, Orangutan X,2023-10-11
809,22.5,MAPS 1-2 Kills,Erumaa,ESPORTS, Orangutan X,2023-10-11
810,35.0,MAPS 1-2 Kills,Ninebody,ESPORTS,Four Angry Men ,2023-10-11
811,29.0,MAPS 1-2 Kills,Abo,ESPORTS,Four Angry Men ,2023-10-11
812,38.5,MAPS 1-2 Kills,AAK,ESPORTS,Four Angry Men ,2023-10-11
813,26.5,MAPS 1-2 Kills,LuoK1ng,ESPORTS,Four Angry Men ,2023-10-11
814,27.5,MAPS 1-2 Kills,ICEKING,ESPORTS,Four Angry Men ,2023-10-11
815,28.5,MAPS 1-2 Kills,Ace,ESPORTS, TYLOO,2023-10-11
816,23.5,MAPS 1-2 Kills,WsLeo,ESPORTS, TYLOO,2023-10-11
817,25.0,MAPS 1-2 Kills,PAULTATO,ESPORTS, TYLOO,2023-10-11
818,34.0,MAPS 1-2 Kills,UdoTan,ESPORTS, TYLOO,2023-10-11
819,33.0,MAPS 1-2 Kills,Banger,ESPORTS, TYLOO,2023-10-11
820,26.0,MAPS 1-2 Kills,JinNy,ESPORTS,FULL SENSE SAPPHIRE ,2023-10-11
821,33.5,MAPS 1-2 Kills,Muffyn,ESPORTS,FULL SENSE SAPPHIRE ,2023-10-11
822,28.0,MAPS 1-2 Kills,Poly,ESPORTS,FULL SENSE SAPPHIRE ,2023-10-11
823,35.5,MAPS 1-2 Kills,Babytz,ESPORTS,FULL SENSE SAPPHIRE ,2023-10-11
824,27.0,MAPS 1-2 Kills,nabbsky,ESPORTS, RRQ Kaguya,2023-10-11
825,25.5,MAPS 1-2 Kills,Eisberg,ESPORTS, RRQ Kaguya,2023-10-11
826,31.0,MAPS 1-2 Kills,Alluka,ESPORTS, RRQ Kaguya,2023-10-11
827,39.0,MAPS 1-2 Kills,Ayumiii,ESPORTS, RRQ Kaguya,2023-10-11
828,27.0,MAPS 1-2 Kills,bes,ESPORTS, RRQ Kaguya,2023-10-11
829,31.5,MAPS 1-2 Kills,hfmi0dzjc9z7,ESPORTS,Attacking Soul Esports ,2023-10-11
830,38.0,MAPS 1-2 Kills,Life,ESPORTS,Attacking Soul Esports ,2023-10-11
831,25.0,MAPS 1-2 Kills,YHchen,ESPORTS,Attacking Soul Esports ,2023-10-11
832,27.5,MAPS 1-2 Kills,bunt,ESPORTS,Attacking Soul Esports ,2023-10-11
833,29.0,MAPS 1-2 Kills,monk,ESPORTS,Attacking Soul Esports ,2023-10-11
834,29.0,MAPS 1-2 Kills,Nicc,ESPORTS, Dragon Ranger Gaming,2023-10-11
835,26.5,MAPS 1-2 Kills,TvirusLuke,ESPORTS, Dragon Ranger Gaming,2023-10-11
836,28.5,MAPS 1-2 Kills,maizi,ESPORTS, Dragon Ranger Gaming,2023-10-11
837,37.5,MAPS 1-2 Kills,vo0kashu,ESPORTS, Dragon Ranger Gaming,2023-10-11
838,35.0,MAPS 1-2 Kills,beg0d,ESPORTS,BeBold ,2023-10-10
839,30.0,MAPS 1-2 Kills,leleo,ESPORTS,BeBold ,2023-10-10
840,34.5,MAPS 1-2 Kills,tkl,ESPORTS,BeBold ,2023-10-10
841,38.0,MAPS 1-2 Kills,cerolzin,ESPORTS,BeBold ,2023-10-10
842,36.5,MAPS 1-2 Kills,bnc,ESPORTS,BeBold ,2023-10-10
843,17.5,headshots_on_maps_1_2,bnc,ESPORTS,BeBold ,2023-10-10
844,17.5,headshots_on_maps_1_2,beg0d,ESPORTS,BeBold ,2023-10-10
845,13.5,headshots_on_maps_1_2,leleo,ESPORTS,BeBold ,2023-10-10
846,15.5,headshots_on_maps_1_2,cerolzin,ESPORTS,BeBold ,2023-10-10
847,9.5,headshots_on_maps_1_2,tkl,ESPORTS,BeBold ,2023-10-10
848,34.5,MAPS 1-2 Kills,lub,ESPORTS, FURIA Academy,2023-10-10
849,37.5,MAPS 1-2 Kills,mello,ESPORTS, FURIA Academy,2023-10-10
850,41.5,MAPS 1-2 Kills,kye,ESPORTS, FURIA Academy,2023-10-10
851,38.5,MAPS 1-2 Kills,Bruninho,ESPORTS, FURIA Academy,2023-10-10
852,17.5,headshots_on_maps_1_2,lub,ESPORTS, FURIA Academy,2023-10-10
853,12.5,headshots_on_maps_1_2,mello,ESPORTS, FURIA Academy,2023-10-10
854,22.0,headshots_on_maps_1_2,kye,ESPORTS, FURIA Academy,2023-10-10
855,24.5,headshots_on_maps_1_2,Bruninho,ESPORTS, FURIA Academy,2023-10-10
856,9.5,position,Ross Chastain,RACING,91c174ea-6bd6-46d1-94dd-0d0a0d7d05bb,
857,5.0,position,Tyler Reddick,RACING,df276411-6219-461e-87a5-181740d92613,
858,8.0,position,Chase Elliott,RACING,d46b1b2a-8dea-4733-b1d9-0acf761add7f,
859,10.0,position,Bubba Wallace,RACING,3c46343f-9e6a-4273-b741-08ac2afbe9f0,
860,6.5,position,Christopher Bell,RACING,21336e69-820d-40ee-a01f-678c633af187,
861,5.5,position,Martin Truex Jr,other,00e0c7d2-df5e-4bb8-b23b-db6d691df710,
862,4.5,position,William Byron,RACING,b3ec612c-da86-4586-957a-69ef59ff3be5,
863,4.5,position,Denny Hamlin,RACING,23543f4d-d305-42e3-861e-c9cc3941f8bf,
864,7.5,position,Ryan Blaney,RACING,99bfb686-6910-4652-b064-69d19d62d31b,
865,9.0,position,Brad Keselowski,RACING,dfebe773-60e1-42a6-9a19-86c647797b0b,
866,4.0,position,Kyle Larson,RACING,b0d9360d-6b0d-4dcd-97fc-80126b4b4140,
867,9.0,position,Chris Buescher,RACING,0b29f869-ef32-4876-902c-43033c411a95,
868,7.5,position,Kyle Busch,RACING,4fbbee2d-3b38-4713-b929-df61d2331aa7,
869,3.0,Goalie Saves,Sergio Romero,SOCCER,Boca Juniors ,2023-10-10
870,1.5,Shots,Dario Benedetto,SOCCER,Dario Benedetto,
871,1.5,Shots,Lucas Janson,SOCCER,Boca Juniors ,2023-10-10
872,0.5,chances_created,Juan Ramirez,SOCCER,Juan Ramirez,
873,2.5,Goalie Saves,Nahuel Losada,SOCCER,Belgrano,2023-10-10
874,2.0,Shots,Lucas Passerini,SOCCER,Belgrano,2023-10-10
875,1.5,Shots,Matias Marin,SOCCER,Matias Marin,
876,1.5,Shots,Ulises Sanchez,SOCCER,Ulises Sanchez,
877,1.5,chances_created,Ulises Sanchez,SOCCER,Ulises Sanchez,
878,0.5,finishes,Cortavious Romious,other,Cortavious Romious,
879,0.5,finishes,Torrez Finney,other,Torrez Finney,
880,0.5,finishes,Andre (Bra),other,Andre (Bra),
881,0.5,finishes,Jair Farias,other,Jair Farias,
882,35.5,significant_strikes,Jair Farias,other,Jair Farias,
883,35.5,significant_strikes,Davi Bittencourt,other,Davi Bittencourt,
884,34.5,significant_strikes,Cortavious Romious,other,Cortavious Romious,
885,45.5,significant_strikes,Andre (Bra),other,Andre (Bra),
886,32.5,significant_strikes,Issa Isakov,other,Issa Isakov,
887,24.5,significant_strikes,Torrez Finney,other,Torrez Finney,
888,2.0,takedowns,Davi Bittencourt,other,Davi Bittencourt,
889,8.0,fight_time,Jair Farias,other,Jair Farias,
890,12.5,fight_time,Davi Bittencourt,other,Davi Bittencourt,
891,9.5,fight_time,Issa Isakov,other,Issa Isakov,
892,7.0,fight_time,Cortavious Romious,other,Cortavious Romious,
893,9.5,fight_time,Andre (Bra),other,Andre (Bra),
894,51.55,Hitter Fantasy Score,Cortavious Romious,other,Cortavious Romious,
895,48.55,Hitter Fantasy Score,Issa Isakov,other,Issa Isakov,
896,47.55,Hitter Fantasy Score,Jair Farias,other,Jair Farias,
897,46.55,Hitter Fantasy Score,Torrez Finney,other,Torrez Finney,
898,52.55,Hitter Fantasy Score,Davi Bittencourt,other,Davi Bittencourt,
899,55.55,Hitter Fantasy Score,Andre (Bra),other,Andre (Bra),
900,21.8,ppg,Bradley Beal,NBASZN,bf374cd2-3365-4bb8-972e-fb429353aa56,
901,14.2,ppg,Brandon Miller,NBASZN,1240c34d-9dbd-473e-841e-811444327bb9,
902,25.6,ppg,Nikola Jokic,NBASZN,f0caa9a4-5486-43c2-bdc5-3515c62d77d3,
903,28.7,ppg,Jayson Tatum,NBASZN,a62c8ca4-6cb6-4c72-9ec1-1bb78a5714be,
904,18.9,ppg,Kristaps Porzingis,NBASZN,a62c8ca4-6cb6-4c72-9ec1-1bb78a5714be,
905,30.6,ppg,Luka Doncic,NBASZN,2a05bf35-65bd-45cf-9b33-959e9c99b851,
906,29.9,ppg,Shai Gilgeous-Alexander,NBASZN,bcc5d02a-fc93-412a-a211-dec2e3f03a50,
907,18.5,ppg,Victor Wembanyama,NBASZN,27446680-20af-4669-ae5b-4c283b65868e,
908,28.9,ppg,Stephen Curry,NBASZN,bc54d8b2-086a-472c-9da4-c3fc58062d44,
909,27.1,ppg,LeBron James,NBASZN,b075de5a-578f-417c-8a5c-cf0ff08101b2,
910,9.3,rpg,Bam Adebayo,NBASZN,2fcf2a76-d6fd-408c-84e1-979a539fd98c,
911,7.9,rpg,LeBron James,NBASZN,b075de5a-578f-417c-8a5c-cf0ff08101b2,
912,8.7,rpg,Kristaps Porzingis,NBASZN,a62c8ca4-6cb6-4c72-9ec1-1bb78a5714be,
913,12.1,rpg,Domantas Sabonis,NBASZN,df874a70-5f96-4604-ae98-0b0b7d91d3c7,
914,11.1,rpg,Clint Capela,NBASZN,7871efd1-78a9-472f-8694-d2094757c580,
915,8.8,rpg,Victor Wembanyama,NBASZN,27446680-20af-4669-ae5b-4c283b65868e,
916,8.4,rpg,Luka Doncic,NBASZN,2a05bf35-65bd-45cf-9b33-959e9c99b851,
917,11.6,rpg,Rudy Gobert,NBASZN,4602be91-097a-4469-89c8-f259dddaec2c,
918,11.9,rpg,Nikola Jokic,NBASZN,f0caa9a4-5486-43c2-bdc5-3515c62d77d3,
919,9.7,apg,Tyrese Haliburton,NBASZN,be9576d3-a00f-4b18-ae6c-9aa74ee18181,
920,7.7,apg,Darius Garland,NBASZN,1705b97c-bf42-4394-b608-dba0c5be0d00,
921,9.8,apg,Trae Young,NBASZN,7871efd1-78a9-472f-8694-d2094757c580,
922,6.9,apg,LeBron James,NBASZN,b075de5a-578f-417c-8a5c-cf0ff08101b2,
923,9.2,apg,Nikola Jokic,NBASZN,f0caa9a4-5486-43c2-bdc5-3515c62d77d3,
924,55.5,Goals,Connor McDavid,NHLSZN,749b21fb-13c5-4075-8ce1-c0d066bdc3ae,
925,50.5,Goals,Leon Draisaitl,NHLSZN,749b21fb-13c5-4075-8ce1-c0d066bdc3ae,
926,114.5,PTS,Leon Draisaitl,NHLSZN,749b21fb-13c5-4075-8ce1-c0d066bdc3ae,
927,135.5,PTS,Connor McDavid,NHLSZN,749b21fb-13c5-4075-8ce1-c0d066bdc3ae,
928,44.5,Goals,Mikko Rantanen,NHLSZN,6dbebc53-1e2b-4912-8cf3-fa55cc5fb419,
929,99.5,PTS,Mikko Rantanen,NHLSZN,6dbebc53-1e2b-4912-8cf3-fa55cc5fb419,
930,112.5,PTS,Nathan MacKinnon,NHLSZN,6dbebc53-1e2b-4912-8cf3-fa55cc5fb419,
931,51.5,Goals,Auston Matthews,NHLSZN,e07f70ac-abfc-44c6-970c-8d399ef7cff0,
932,30.5,Goals,John Tavares,NHLSZN,e07f70ac-abfc-44c6-970c-8d399ef7cff0,
933,32.5,Goals,Mitch Marner,NHLSZN,e07f70ac-abfc-44c6-970c-8d399ef7cff0,
934,99.5,PTS,Mitch Marner,NHLSZN,e07f70ac-abfc-44c6-970c-8d399ef7cff0,
935,42.5,Goals,Jack Hughes,NHLSZN,780f0d2e-9881-4d79-ade2-be563e049415,
936,37.5,Goals,Timo Meier,NHLSZN,780f0d2e-9881-4d79-ade2-be563e049415,
937,70.5,PTS,Tyler Toffoli,NHLSZN,780f0d2e-9881-4d79-ade2-be563e049415,
938,77.5,PTS,Nico Hischier,NHLSZN,780f0d2e-9881-4d79-ade2-be563e049415,
939,102.5,PTS,Jack Hughes,NHLSZN,780f0d2e-9881-4d79-ade2-be563e049415,
940,35.5,Goals,Chris Kreider,NHLSZN,cb3e381b-7f7c-40bc-92f0-ce833e960dda,
941,28.5,Goals,Artemi Panarin,NHLSZN,cb3e381b-7f7c-40bc-92f0-ce833e960dda,
942,35.5,Goals,Mika Zibanejad,NHLSZN,cb3e381b-7f7c-40bc-92f0-ce833e960dda,
943,71.5,PTS,Adam Fox,NHLSZN,cb3e381b-7f7c-40bc-92f0-ce833e960dda,
944,93.5,PTS,Artemi Panarin,NHLSZN,cb3e381b-7f7c-40bc-92f0-ce833e960dda,
945,84.5,PTS,Mika Zibanejad,NHLSZN,cb3e381b-7f7c-40bc-92f0-ce833e960dda,
946,47.5,Goals,David Pastrnak,NHLSZN,bed1286b-93b4-4dd9-b252-6e38b51dc90a,
947,58.5,PTS,Charlie McAvoy,NHLSZN,bed1286b-93b4-4dd9-b252-6e38b51dc90a,
948,93.5,PTS,David Pastrnak,NHLSZN,bed1286b-93b4-4dd9-b252-6e38b51dc90a,
949,70.5,PTS,Brad Marchand,NHLSZN,bed1286b-93b4-4dd9-b252-6e38b51dc90a,
950,34.5,Goals,Nikita Kucherov,NHLSZN,d8c2361e-83b1-4b77-952f-3ac010803e43,
951,38.5,Goals,Brayden Point,NHLSZN,d8c2361e-83b1-4b77-952f-3ac010803e43,
952,33.5,Goals,Steven Stamkos,NHLSZN,d8c2361e-83b1-4b77-952f-3ac010803e43,
953,82.5,PTS,Brayden Point,NHLSZN,d8c2361e-83b1-4b77-952f-3ac010803e43,
954,80.5,PTS,Steven Stamkos,NHLSZN,d8c2361e-83b1-4b77-952f-3ac010803e43,
955,108.5,PTS,Nikita Kucherov,NHLSZN,d8c2361e-83b1-4b77-952f-3ac010803e43,
956,43.5,Goals,Jason Robertson,NHLSZN,302b4ff9-78ef-44ae-a86d-9888fb14664a,
957,36.5,Goals,Roope Hintz,NHLSZN,302b4ff9-78ef-44ae-a86d-9888fb14664a,
958,102.5,PTS,Jason Robertson,NHLSZN,302b4ff9-78ef-44ae-a86d-9888fb14664a,
959,79.5,PTS,Roope Hintz,NHLSZN,302b4ff9-78ef-44ae-a86d-9888fb14664a,
960,26.5,Goals,Kevin Fiala,NHLSZN,1e7f6fc0-336b-4f03-9287-6630e058e8c9,
961,43.5,Goals,Tage Thompson,NHLSZN,1431d20e-b693-4320-9d4f-a70f173b5d68,
962,30.5,Goals,Sam Reinhart,NHLSZN,00f62a19-03e7-40eb-92c8-9a603efca13c,
963,28.5,Goals,Aleksander Barkov,NHLSZN,00f62a19-03e7-40eb-92c8-9a603efca13c,
964,28.5,Goals,Johnny Gaudreau,NHLSZN,595dffcd-420d-4631-bfed-57a9c546064e,
965,35.5,Goals,Alex DeBrincat,NHLSZN,0fef2c01-39d2-4353-8867-281186adb701,
966,46.5,PTS,Adam Fantilli,NHLSZN,595dffcd-420d-4631-bfed-57a9c546064e,
967,90.5,PTS,Tim Stutzle,NHLSZN,0f594ce2-af81-4b57-b94b-399f3c8c5628,
968,85.5,PTS,Brady Tkachuk,NHLSZN,0f594ce2-af81-4b57-b94b-399f3c8c5628,
969,90.5,PTS,Tage Thompson,NHLSZN,1431d20e-b693-4320-9d4f-a70f173b5d68,
970,72.5,PTS,Rasmus Dahlin,NHLSZN,1431d20e-b693-4320-9d4f-a70f173b5d68,
971,73.5,PTS,Alex Tuch,NHLSZN,1431d20e-b693-4320-9d4f-a70f173b5d68,
972,67.5,PTS,Adrian Kempe,NHLSZN,1e7f6fc0-336b-4f03-9287-6630e058e8c9,
973,35.5,Goals,Elias Pettersson,NHLSZN,697a3c79-13ef-4269-9bee-86b3ee371241,
974,31.5,Goals,Sidney Crosby,NHLSZN,e90c0702-9653-4cd0-984b-85a5e910ed2c,
975,30.5,Goals,Connor Bedard,NHLSZN,77b5276a-e527-4cf1-9278-a2e9c3e7671c,
976,36.5,Goals,Kyle Connor,NHLSZN,cf92d399-db15-4bf6-98cd-c15a081f7b03,
977,28.5,Goals,Elias Lindholm,NHLSZN,a67e2d23-3730-49d7-9af2-169b0d38c832,
978,36.5,Goals,Sebastian Aho,NHLSZN,33caf4c3-baf8-420d-8e13-e3ec1fbc12a5,
979,40.5,Goals,Alex Ovechkin,NHLSZN,06dfa1e9-3d6e-482e-8599-7e09bd01fc1b,
980,32.5,Goals,Cole Caufield,NHLSZN,a239ca5a-b581-436d-bba3-7d79aded79cd,
981,75.5,PTS,Jack Eichel,NHLSZN,45046a87-8297-4f70-adf9-bcb3c40cc892,
982,97.5,PTS,Kirill Kaprizov,NHLSZN,b9b7829e-1923-442b-88ba-043668bf3b90,
983,90.5,PTS,Sidney Crosby,NHLSZN,e90c0702-9653-4cd0-984b-85a5e910ed2c,
984,67.5,PTS,Trevor Zegras,NHLSZN,e7b32b0f-d8ad-4c3e-8307-5256b789ce2e,
985,74.5,PTS,Jordan Kyrou,NHLSZN,f6561440-c97f-469c-b0cb-31c76dae6016,
986,72.5,PTS,Sebastian Aho,NHLSZN,33caf4c3-baf8-420d-8e13-e3ec1fbc12a5,
987,69.5,PTS,Connor Bedard,NHLSZN,77b5276a-e527-4cf1-9278-a2e9c3e7671c,
988,66.5,PTS,Brock Nelson,NHLSZN,014ef5d2-0e15-4c2e-9271-eb8dd15e3b7b,
989,71.5,PTS,Alex Ovechkin,NHLSZN,06dfa1e9-3d6e-482e-8599-7e09bd01fc1b,
990,84.5,PTS,Kyle Connor,NHLSZN,cf92d399-db15-4bf6-98cd-c15a081f7b03,
991,84.5,PTS,Clayton Keller,NHLSZN,0f6f7978-2250-41d7-bdce-1da7ebcda915,
992,26.5,goalie_wins,Ville Husso,NHLSZN,0fef2c01-39d2-4353-8867-281186adb701,
993,25.5,goalie_wins,Filip Gustavsson,NHLSZN,b9b7829e-1923-442b-88ba-043668bf3b90,
994,24.5,goalie_wins,Devon Levi,NHLSZN,1431d20e-b693-4320-9d4f-a70f173b5d68,
995,25.5,goalie_wins,Philipp Grubauer,NHLSZN,824bf296-31d5-4930-8c3d-03aa7f4129b4,
996,20.5,goalie_wins,Karel Vejmelka,NHLSZN,0f6f7978-2250-41d7-bdce-1da7ebcda915,
997,28.5,goalie_wins,Tristan Jarry,NHLSZN,e90c0702-9653-4cd0-984b-85a5e910ed2c,
998,31.5,goalie_wins,Ilya Sorokin,NHLSZN,014ef5d2-0e15-4c2e-9271-eb8dd15e3b7b,
999,27.5,goalie_wins,Thatcher Demko,NHLSZN,697a3c79-13ef-4269-9bee-86b3ee371241,
1000,15.5,goalie_wins,Kaapo Kahkonen,NHLSZN,70d02b37-9ce7-40da-847c-40f1b69bef03,
1001,28.5,goalie_wins,Sergei Bobrovsky,NHLSZN,00f62a19-03e7-40eb-92c8-9a603efca13c,
1002,31.5,goalie_wins,Connor Hellebuyck,NHLSZN,cf92d399-db15-4bf6-98cd-c15a081f7b03,
1003,14.5,goalie_wins,Petr Mrazek,NHLSZN,77b5276a-e527-4cf1-9278-a2e9c3e7671c,
1004,26.5,goalie_wins,Adin Hill,NHLSZN,45046a87-8297-4f70-adf9-bcb3c40cc892,
1005,24.5,goalie_wins,Darcy Kuemper,NHLSZN,06dfa1e9-3d6e-482e-8599-7e09bd01fc1b,
1006,18.5,goalie_wins,John Gibson,NHLSZN,e7b32b0f-d8ad-4c3e-8307-5256b789ce2e,
1007,22.5,goalie_wins,Pheonix Copley,NHLSZN,1e7f6fc0-336b-4f03-9287-6630e058e8c9,
1008,22.5,goalie_wins,Carter Hart,NHLSZN,15debff8-7176-46e1-b67e-7b8533f70801,
1009,35.5,goalie_wins,Jake Oettinger,NHLSZN,302b4ff9-78ef-44ae-a86d-9888fb14664a,
1010,26.5,goalie_wins,Linus Ullmark,NHLSZN,bed1286b-93b4-4dd9-b252-6e38b51dc90a,
1011,32.5,goalie_wins,Ilya Samsonov,NHLSZN,e07f70ac-abfc-44c6-970c-8d399ef7cff0,
1012,24.5,goalie_wins,Joonas Korpisalo,NHLSZN,0f594ce2-af81-4b57-b94b-399f3c8c5628,
1013,31.5,goalie_wins,Stuart Skinner,NHLSZN,749b21fb-13c5-4075-8ce1-c0d066bdc3ae,
1014,28.5,goalie_wins,Juuse Saros,NHLSZN,c9d40440-587d-4874-bb38-e23dc4b381d6,
1015,26.5,goalie_wins,Vitek Vanecek,NHLSZN,780f0d2e-9881-4d79-ade2-be563e049415,
1016,26.5,goalie_wins,Jordan Binnington,NHLSZN,f6561440-c97f-469c-b0cb-31c76dae6016,
1017,30.5,goalie_wins,Frederik Andersen,NHLSZN,33caf4c3-baf8-420d-8e13-e3ec1fbc12a5,
1018,34.5,goalie_wins,Alexandar Georgiev,NHLSZN,6dbebc53-1e2b-4912-8cf3-fa55cc5fb419,
1019,20.5,goalie_wins,Elvis Merzlikins,NHLSZN,595dffcd-420d-4631-bfed-57a9c546064e,
1020,29.5,goalie_wins,Jacob Markstrom,NHLSZN,a67e2d23-3730-49d7-9af2-169b0d38c832,
1021,34.5,goalie_wins,Igor Shesterkin,NHLSZN,cb3e381b-7f7c-40bc-92f0-ce833e960dda,
1022,20.5,goalie_wins,Jeremy Swayman,NHLSZN,bed1286b-93b4-4dd9-b252-6e38b51dc90a,
1023,8.0,Pitcher Strikeouts,D. Kremer,other,D. Kremer,
1024,26.5,pitch_outs,D. Kremer,other,D. Kremer,
1025,8.0,hits_allowed,D. Kremer,other,D. Kremer,
1026,4.0,runs_allowed,D. Kremer,other,D. Kremer,
1027,15.5,Hitter Fantasy Score,A. Rutschman + G. Henderson,other,a2ddbb25-4d77-4b86-9b27-27e150eede67,
1028,17.5,Hitter Fantasy Score,C. Seager + M. Semien,other,976becd7-ee88-4db5-9ae6-d1bb6b2b16a8,
1029,4.0,PTS,A. Rutschman + G. Henderson,other,a2ddbb25-4d77-4b86-9b27-27e150eede67,
1030,4.5,PTS,C. Seager + M. Semien,other,976becd7-ee88-4db5-9ae6-d1bb6b2b16a8,
1031,3.5,Total Bases,C. Seager + M. Semien,other,976becd7-ee88-4db5-9ae6-d1bb6b2b16a8,
1032,3.0,Total Bases,A. Rutschman + G. Henderson,other,a2ddbb25-4d77-4b86-9b27-27e150eede67,
1033,12.5,Hitter Fantasy Score,C. Mullins + R. Mountcastle,other,a2ddbb25-4d77-4b86-9b27-27e150eede67,
1034,3.0,PTS,C. Mullins + R. Mountcastle,other,a2ddbb25-4d77-4b86-9b27-27e150eede67,
1035,2.5,Total Bases,C. Mullins + R. Mountcastle,other,a2ddbb25-4d77-4b86-9b27-27e150eede67,
1036,14.5,Hitter Fantasy Score,A. Garcia + N. Lowe,other,976becd7-ee88-4db5-9ae6-d1bb6b2b16a8,
1037,3.0,Total Bases,A. Garcia + N. Lowe,other,976becd7-ee88-4db5-9ae6-d1bb6b2b16a8,
1038,3.5,PTS,A. Garcia + N. Lowe,other,976becd7-ee88-4db5-9ae6-d1bb6b2b16a8,
1039,13.5,Hitter Fantasy Score,J. Heim + E. Carter,other,976becd7-ee88-4db5-9ae6-d1bb6b2b16a8,
1040,12.5,Hitter Fantasy Score,A. Hays + R. O'Hearn,other,a2ddbb25-4d77-4b86-9b27-27e150eede67,
1041,2.5,Total Bases,A. Hays + R. O'Hearn,other,a2ddbb25-4d77-4b86-9b27-27e150eede67,
1042,3.0,PTS,J. Heim + E. Carter,other,976becd7-ee88-4db5-9ae6-d1bb6b2b16a8,
1043,3.0,PTS,A. Hays + R. O'Hearn,other,a2ddbb25-4d77-4b86-9b27-27e150eede67,
