index,Player,Team,Line,Stat,League,Date
0,ZmjjKK,LOUD (Maps 1-2 First Blood),9.5,Maps 1-2 First Blood,159,2023-06-17
1,Aaron Rodgers,2023 NYJ,29.5,Pass TDs,163,2023-09-07
2,Rickie Fowler,North Course RD 3,4.0,Birdies Or Better,1,2023-06-17
3,Tallon Griekspoor,J. Thompson (Hertogenbosch),7.5,Aces,5,2023-06-18
4,Aaron Rodgers,2023 NYJ,4050.5,Pass Yards,163,2023-09-07
5,Scottie Scheffler,RD3,12.0,Greens In Regulation,1,2023-06-17
6,Tallon Griekspoor,J. Thompson (Hertogenbosch),23.0,Total Games,5,2023-06-18
7,ZmjjKK,LOUD (MAP 3 Kills),19.5,MAP 3 Kills,159,2023-06-18
8,Oscar Piastri,Canadian GP,2.8,1st Pit Stop Time (sec),125,2023-06-18
9,Tallon Griekspoor,J. Thompson (Hertogenbosch),9.5,1st Set - Total Games,244,2023-06-18
10,Jordan Thompson,T. Griekspoor (Hertogenbosch),7.5,Aces,5,2023-06-18
11,ZmjjKK,LOUD (MAPS 1-2 Kills),39.5,MAPS 1-2 Kills,159,2023-06-17
12,Tallon Griekspoor,J. Thompson (Hertogenbosch),2.5,Break Points Won,5,2023-06-18
13,Tallon Griekspoor,J. Thompson (Hertogenbosch),9.5,3rd Set - Total Games,244,2023-06-18
14,Rickie Fowler,North Course RD 3,71.0,Strokes,1,2023-06-17
15,Justin Jefferson,2023 MIN,8.5,Rec TDs,163,2023-09-07
16,Tallon Griekspoor,J. Thompson (Hertogenbosch),9.5,2nd Set - Total Games,244,2023-06-18
17,Sam Bennett,RD3,10.5,Fairways Hit,1,2023-06-17
18,Patrick Mahomes,2023 KC,36.5,Pass TDs,163,2023-09-07
19,Rory McIlroy,RD3,12.0,Greens In Regulation,1,2023-06-17
20,Frances Tiafoe,J. Struff (Stuttgart),10.0,2nd Set - Total Games,244,2023-06-18
21,Patrick Mahomes,2023 KC,4800.5,Pass Yards,163,2023-09-07
22,Smoggy,LOUD (MAPS 1-2 Kills),32.0,MAPS 1-2 Kills,159,2023-06-17
23,Lando Norris,Canadian GP,2.8,1st Pit Stop Time (sec),125,2023-06-18
24,Frances Tiafoe,J. Struff (Stuttgart),10.0,1st Set - Total Games,244,2023-06-18
25,Scottie Scheffler,North Course RD 3,69.0,Strokes,1,2023-06-17
26,Scottie Scheffler,North Course RD 3,4.0,Birdies Or Better,1,2023-06-17
27,Ja'Marr Chase,2023 CIN,10.0,Rec TDs,163,2023-09-07
28,Jan Lennard-Struff,F. Tiafoe (Stuttgart),19.0,Aces,5,2023-06-18
29,Frances Tiafoe,J. Struff (Stuttgart),10.0,3rd Set - Total Games,244,2023-06-18
30,Scottie Scheffler,Rory McIlroy,0.0,Birdies or Better Matchup,1,2023-06-17
31,Frances Tiafoe,J. Struff (Stuttgart),11.5,Aces,5,2023-06-18
32,Frances Tiafoe,J. Struff (Stuttgart),1.0,Break Points Won,5,2023-06-18
33,Smoggy,LOUD (MAP 3 Kills),16.0,MAP 3 Kills,159,2023-06-18
34,Frances Tiafoe,J. Struff (Stuttgart),24.5,Total Games,5,2023-06-18
35,Veronika Kudermetova,E. Alexandrova (Hertogenbosch),5.5,Aces,5,2023-06-18
36,Ekaterina Alexandrova,V. Kudermetova (Hertogenbosch),6.0,Aces,5,2023-06-18
37,Travis Kelce,2023 KC,9.5,Rec TDs,163,2023-09-07
38,Max Verstappen,Canadian GP,2.45,1st Pit Stop Time (sec),125,2023-06-18
39,CHICHOO,LOUD (MAPS 1-2 Kills),30.0,MAPS 1-2 Kills,159,2023-06-17
40,CHICHOO,LOUD (MAP 3 Kills),15.0,MAP 3 Kills,159,2023-06-18
41,Rory McIlroy,Cameron Smith,0.0,Birdies or Better Matchup,1,2023-06-17
42,Josh Allen,2023 BUF,4375.5,Pass Yards,163,2023-09-07
43,Rory McIlroy,North Course RD 3,4.0,Birdies Or Better,1,2023-06-17
44,Veronika Kudermetova,E. Alexandrova (Hertogenbosch),9.5,3rd Set - Total Games,244,2023-06-18
45,Veronika Kudermetova,E. Alexandrova (Hertogenbosch),22.5,Total Games,5,2023-06-18
46,Rory McIlroy,North Course RD 3,69.5,Strokes,1,2023-06-17
47,Veronika Kudermetova,E. Alexandrova (Hertogenbosch),2.5,Break Points Won,5,2023-06-18
48,Veronika Kudermetova,E. Alexandrova (Hertogenbosch),9.5,1st Set - Total Games,244,2023-06-18
49,Veronika Kudermetova,E. Alexandrova (Hertogenbosch),9.5,2nd Set - Total Games,244,2023-06-18
50,Josh Allen,2023 BUF,32.5,Pass TDs,163,2023-09-07
51,Mark Thompson,New Orleans,71.5,Rush Yards,191,2023-06-18
52,Katie Boulter,J. Burrage (Nottingham),9.5,2nd Set - Total Games,244,2023-06-18
53,nobody,LOUD (MAP 3 Kills),13.5,MAP 3 Kills,159,2023-06-18
54,Cooper Kupp,2023 LA,9.5,Rec TDs,163,2023-09-07
55,Sergio Perez,Canadian GP,2.35,1st Pit Stop Time (sec),125,2023-06-18
56,Katie Boulter,J. Burrage (Nottingham),9.5,3rd Set - Total Games,244,2023-06-18
57,nobody,LOUD (MAPS 1-2 Kills),27.5,MAPS 1-2 Kills,159,2023-06-17
58,Katie Boulter,J. Burrage (Nottingham),22.0,Total Games,5,2023-06-18
59,Katie Boulter,J. Burrage (Nottingham),9.5,1st Set - Total Games,244,2023-06-18
60,Rickie Fowler,RD3,11.5,Greens In Regulation,1,2023-06-17
61,Joe Burrow,2023 CIN,33.5,Pass TDs,163,2023-09-07
62,Jodie Burrage,K. Boulter (Nottingham),4.0,Aces,5,2023-06-18
63,Joe Burrow,2023 CIN,4500.5,Pass Yards,163,2023-09-07
64,Justin Hall,New Orleans,49.5,Receiving Yards,191,2023-06-18
65,McLeod Bethel-Thompson,Houston,221.5,Pass Yards,191,2023-06-18
66,Katie Boulter,J. Burrage (Nottingham),3.5,Break Points Won,5,2023-06-18
67,Rickie Fowler,RD3,10.0,Fairways Hit,1,2023-06-17
68,Katie Boulter,J. Burrage (Nottingham),4.5,Aces,5,2023-06-18
69,Justin Herbert,2023 LAC,29.5,Pass TDs,163,2023-09-07
70,Justin Herbert,2023 LAC,4625.5,Pass Yards,163,2023-09-07
71,Haodong,LOUD (MAP 3 Kills),13.5,MAP 3 Kills,159,2023-06-18
72,Charles Leclerc,Canadian GP,2.45,1st Pit Stop Time (sec),125,2023-06-18
73,Corey Coleman,Michigan,73.5,Receiving Yards,191,2023-06-18
74,Scottie Scheffler,RD3,10.0,Fairways Hit,1,2023-06-17
75,Case Cookus,Michigan,230.5,Pass Yards,191,2023-06-18
76,Haodong,LOUD (MAPS 1-2 Kills),27.0,MAPS 1-2 Kills,159,2023-06-17
77,Daniel Altmaier,C. Eubanks (Halle-Q),25.0,Total Games,5,2023-06-18
78,Wes Hills,Houston,70.5,Rush Yards,191,2023-06-18
79,Stefon Diggs,2023 BUF,8.5,Rec TDs,163,2023-09-07
80,aspas,EDward Gaming (MAP 3 Kills),18.5,MAP 3 Kills,159,2023-06-18
81,Stevie Scott III,Philadelphia,39.5,Rush Yards,191,2023-06-18
82,Joe Walker,Philadelphia,44.5,Receiving Yards,191,2023-06-18
83,Trevor Lawrence,2023 JAX,4175.5,Pass Yards,163,2023-09-07
84,Carlos Sainz Jr.,Canadian GP,2.55,1st Pit Stop Time (sec),125,2023-06-18
85,Rory McIlroy,RD3,10.0,Fairways Hit,1,2023-06-17
86,Xander Schauffele,RD3,12.0,Greens In Regulation,1,2023-06-17
87,Xander Schauffele,Dustin Johnson,0.0,Birdies or Better Matchup,1,2023-06-17
88,Xander Schauffele,North Course RD 3,4.0,Birdies Or Better,1,2023-06-17
89,Xander Schauffele,North Course RD 3,70.5,Strokes,1,2023-06-17
90,Blake Snell,TB,16.5,Pitching Outs,2,2023-06-17
91,Davante Adams,2023 LV,8.5,Rec TDs,163,2023-09-07
92,Paul Skenes,Tennessee,8.5,Pitcher Strikeouts,189,2023-06-17
93,Henri Squire,L. Wessels (Halle-Q),22.5,Total Games,5,2023-06-18
94,Trevor Lawrence,2023 JEX,26.5,Pass TDs,163,2023-09-07
95,aspas,EDward Gaming (Maps 1-2 First Blood),7.0,Maps 1-2 First Blood,159,2023-06-17
96,aspas,EDward Gaming (MAPS 1-2 Kills),37.5,MAPS 1-2 Kills,159,2023-06-17
97,Logan Sargeant,Canadian GP,2.9,1st Pit Stop Time (sec),125,2023-06-18
98,Jalen Hurts,2023 PHI,3675.5,Pass Yards,163,2023-09-07
99,Zach Eflin,SD,16.5,Pitching Outs,2,2023-06-17
100,Less,EDward Gaming (MAP 3 Kills),17.0,MAP 3 Kills,159,2023-06-18
101,Less,EDward Gaming (Maps 1-2 First Blood),4.0,Maps 1-2 First Blood,159,2023-06-17
102,Sam Bennett,RD3,11.5,Greens In Regulation,1,2023-06-17
103,Garrett Wilson,2023 NYJ,8.0,Rec TDs,163,2023-09-07
104,Less,EDward Gaming (MAPS 1-2 Kills),34.0,MAPS 1-2 Kills,159,2023-06-17
105,Marcos Giron,A. Vavassori (Halle-Q),22.5,Total Games,5,2023-06-18
106,Jalen Hurts,2023 PHI,22.5,Pass TDs,163,2023-09-07
107,Dustin Johnson,North Course RD 3,4.0,Birdies Or Better,1,2023-06-17
108,Lamar Jackson,2023 BAL,22.5,Pass TDs,163,2023-09-07
109,cauanzin,EDward Gaming (MAP 3 Kills),14.0,MAP 3 Kills,159,2023-06-18
110,CeeDee Lamb,2023 DAL,7.5,Rec TDs,163,2023-09-07
111,Alexander Albon,Canadian GP,2.95,1st Pit Stop Time (sec),125,2023-06-18
112,cauanzin,EDward Gaming (MAPS 1-2 Kills),28.5,MAPS 1-2 Kills,159,2023-06-17
113,Mike Chanenchuk,Redwoods,1.5,Goals,230,2023-06-17
114,Dustin Johnson,North Course RD 3,70.5,Strokes,1,2023-06-17
115,Lamar Jackson,2023 BAL,3625.5,Pass Yards,163,2023-09-07
116,Aslan Karatsev,R. Safiullin (Halle-Q),22.5,Total Games,5,2023-06-18
117,tuyz,EDward Gaming (MAP 3 Kills),13.5,MAP 3 Kills,159,2023-06-18
118,Bobby Miller,SF,17.5,Pitching Outs,2,2023-06-17
119,Xander Schauffele,RD3,10.0,Fairways Hit,1,2023-06-17
120,Simp,BOS Breach,7.5,MAP 5 Kills,145,2023-06-17
121,Nyck de Vries,Canadian GP,2.95,1st Pit Stop Time (sec),125,2023-06-18
122,Bryce Young,2023 CAR,3475.5,Pass Yards,163,2023-09-07
123,Cameron Smith,North Course RD 3,70.5,Strokes,1,2023-06-17
124,tuyz,EDward Gaming (MAPS 1-2 Kills),27.5,MAPS 1-2 Kills,159,2023-06-17
125,Bailey Humphrey,Carlton,0.5,Goals,165,2023-06-17
126,Cameron Smith,North Course RD 3,4.0,Birdies Or Better,1,2023-06-17
127,Bryce Young,2023 CAR,21.5,Pass TDs,163,2023-09-07
128,Arthur Fils,A. Popyrin (Queens Club-Q),23.5,Total Games,5,2023-06-18
129,Rob Pannell,Whipsnakes,1.5,Goals,230,2023-06-17
130,Blake Snell,TB,29.5,Pitcher Fantasy Score,2,2023-06-17
131,Tyreek Hill,2023 MIA,7.5,Rec TDs,163,2023-09-07
132,Dustin Johnson,RD3,9.5,Fairways Hit,1,2023-06-17
133,David Cuningham,Gold Coast,0.5,Goals,165,2023-06-17
134,C.J. Stroud,2023 HOU,20.5,Pass TDs,163,2023-09-07
135,Grigor Dimitrov,A. Rinderknech (Queens Club-Q),22.5,Total Games,5,2023-06-18
136,Tommy Henry,CLE,16.5,Pitching Outs,2,2023-06-17
137,Jaylen Waddle,2023 MIA,7.5,Rec TDs,163,2023-09-07
138,Zach Eflin,SD,27.5,Pitcher Fantasy Score,2,2023-06-17
139,C.J. Stroud,2023 HOU,3425.5,Pass Yards,163,2023-09-07
140,aBeZy,BOS Breach,8.0,MAP 5 Kills,145,2023-06-17
141,Cameron Smith,RD3,11.5,Greens In Regulation,1,2023-06-17
142,Saadhak,EDward Gaming (MAP 3 Kills),13.0,MAP 3 Kills,159,2023-06-18
143,Yuki Tsunoda,Canadian GP,2.95,1st Pit Stop Time (sec),125,2023-06-18
144,Saadhak,EDward Gaming (MAPS 1-2 Kills),26.5,MAPS 1-2 Kills,159,2023-06-17
145,Anthony Richardson,2023 IND,2599.5,Pass Yards,163,2023-09-07
146,ardiis,DRX (MAPS 1-2 Kills),33.5,MAPS 1-2 Kills,159,2023-06-18
147,Pierre Gasly,Canadian GP,2.65,1st Pit Stop Time (sec),125,2023-06-18
148,SlasheR,BOS Breach,6.5,MAP 5 Kills,145,2023-06-17
149,ardiis,DRX (MAP 3 Kills),16.5,MAP 3 Kills,159,2023-06-18
150,AJ Brown,2023 PHI,7.5,Rec TDs,163,2023-09-07
151,Matt Rambo,Redwoods,3.5,PTS,230,2023-06-17
152,ardiis,DRX (Maps 1-2 First Blood),7.5,Maps 1-2 First Blood,159,2023-06-18
153,Ben Ainsworth,Carlton,0.5,Goals,165,2023-06-17
154,Cameron Smith,RD3,9.5,Fairways Hit,1,2023-06-17
155,Tommy Paul,B. Harris (Queens Club-Q),20.5,Total Games,5,2023-06-18
156,Bobby Miller,SF,32.5,Pitcher Fantasy Score,2,2023-06-17
157,Dak Prescott,2023 DAL,4125.5,Pass Yards,163,2023-09-07
158,Jeffrey John Wolf,M. McDonald (Queens Club-Q),23.0,Total Games,5,2023-06-18
159,s0m,DRX (MAP 3 Kills),16.0,MAP 3 Kills,159,2023-06-18
160,s0m,DRX (MAPS 1-2 Kills),32.0,MAPS 1-2 Kills,159,2023-06-18
161,Rob Pannell,Whipsnakes,3.5,PTS,230,2023-06-17
162,Dak Prescott,2023 DAL,26.5,Pass TDs,163,2023-09-07
163,DK Metcalf,2023 SEA,7.5,Rec TDs,163,2023-09-07
164,Cellium,BOS Breach,6.5,MAP 5 Kills,145,2023-06-17
165,Esteban Ocon,Canadian GP,2.65,1st Pit Stop Time (sec),125,2023-06-18
166,Tom De Koning,Gold Coast,0.5,Goals,165,2023-06-17
167,Mike Evans,2023 TB,7.0,Rec TDs,163,2023-09-07
168,Deshaun Watson,2023 CLE,3625.5,Pass Yards,163,2023-09-07
169,Will Manny,Redwoods,3.0,PTS,230,2023-06-17
170,Wyndham Clark,RD3,11.5,Greens In Regulation,1,2023-06-17
171,Snoopy,ATL FaZe,6.0,MAP 5 Kills,145,2023-06-17
172,Lewis Hamilton,Canadian GP,2.7,1st Pit Stop Time (sec),125,2023-06-18
173,Victor,DRX (MAP 3 Kills),15.5,MAP 3 Kills,159,2023-06-18
174,Victor,DRX (Maps 1-2 First Blood),5.0,Maps 1-2 First Blood,159,2023-06-18
175,Victor,DRX (MAPS 1-2 Kills),31.5,MAPS 1-2 Kills,159,2023-06-18
176,Deshaun Watson,2023 CLE,25.5,Pass TDs,163,2023-09-07
177,Mitch Hannan,North Melbourne,0.5,Goals,165,2023-06-18
178,Blake Snell,TB,96.5,Pitches Thrown,2,2023-06-17
179,Ryder Garnsey,Whipsnakes,3.0,PTS,230,2023-06-17
180,Beans,ATL FaZe,6.5,MAP 5 Kills,145,2023-06-17
181,Zach Eflin,SD,92.5,Pitches Thrown,2,2023-06-17
182,Mark Andrews,2023 BAL,6.5,Rec TDs,163,2023-09-07
183,Tua Tagovailoa,2023 MIA,26.5,Pass TDs,163,2023-09-07
184,Tim English,North Melbourne,0.5,Goals,165,2023-06-18
185,crashies,DRX (MAP 3 Kills),15.0,MAP 3 Kills,159,2023-06-18
186,crashies,DRX (MAPS 1-2 Kills),30.5,MAPS 1-2 Kills,159,2023-06-18
187,George Russell,Canadian GP,2.75,1st Pit Stop Time (sec),125,2023-06-18
188,Tua Tagovailoa,2023 MIA,3999.5,Pass Yards,163,2023-09-07
189,Kremp,ATL FaZe,6.5,MAP 5 Kills,145,2023-06-17
190,Harris English,RD3,11.5,Greens In Regulation,1,2023-06-17
191,Sam Bennett,North Course RD 3,71.5,Strokes,1,2023-06-17
192,FNS,DRX (MAP 3 Kills),11.5,MAP 3 Kills,159,2023-06-18
193,Russell Wilson,2023 DEN,3875.5,Pass Yards,163,2023-09-07
194,Fernando Alonso,Canadian GP,2.9,1st Pit Stop Time (sec),125,2023-06-18
195,Bobby Miller,SF,92.5,Pitches Thrown,2,2023-06-17
196,Russell Wilson,2023 DEN,24.5,Pass TDs,163,2023-09-07
197,Sam Bennett,North Course RD 3,3.5,Birdies Or Better,1,2023-06-17
198,FNS,DRX (MAPS 1-2 Kills),23.0,MAPS 1-2 Kills,159,2023-06-18
199,Aaron Naughton,North Melbourne,2.5,Goals,165,2023-06-18
200,Owakening,ATL FaZe,6.0,MAP 5 Kills,145,2023-06-17
201,Derek Carr,2023 NO,23.5,Pass TDs,163,2023-09-07
202,BuZz,NRG (MAP 3 Kills),16.5,MAP 3 Kills,159,2023-06-18
203,Harris English,RD3,10.0,Fairways Hit,1,2023-06-17
204,Lance Stroll,Canadian GP,2.95,1st Pit Stop Time (sec),125,2023-06-18
205,BuZz,NRG (MAPS 1-2 Kills),33.0,MAPS 1-2 Kills,159,2023-06-18
206,Derek Carr,2023 NO,3775.5,Pass Yards,163,2023-09-07
207,Shane Bieber,ARI,98.5,Pitches Thrown,2,2023-06-17
208,BuZz,NRG (Maps 1-2 First Blood),7.0,Maps 1-2 First Blood,159,2023-06-18
209,MaKo,NRG (Maps 1-2 First Blood),3.0,Maps 1-2 First Blood,159,2023-06-18
210,MaKo,NRG (MAP 3 Kills),15.5,MAP 3 Kills,159,2023-06-18
211,Cesar Araujo,New England,2.0,Tackles,82,2023-06-17
212,Bobby Wood,Orlando,1.5,Shots,82,2023-06-17
213,Brandon Bye,Orlando,3.0,Clearances,82,2023-06-17
214,Martin Ojeda,New England,1.5,Shots Assisted,82,2023-06-17
215,Latif Blessing,Orlando,2.5,Tackles,82,2023-06-17
216,Martin Ojeda,New England,1.5,Shots,82,2023-06-17
217,Carles Gil,Orlando,3.0,Shots Assisted,82,2023-06-17
218,Mason Stajduhar + Earl Edwards Jr.,New England/Orlando,0.5,Goals Allowed in First 30 Minutes,82,2023-06-17
219,Carles Gil,Orlando,52.5,Passes Attempted,82,2023-06-17
220,Cesar Araujo,New England,48.5,Passes Attempted,82,2023-06-17
221,Mason Stajduhar + Earl Edwards Jr.,New England/Orlando,5.5,Goalie Saves,82,2023-06-17
222,Dave Romney,Orlando,4.5,Clearances,82,2023-06-17
223,Mason Stajduhar,New England,3.0,Goalie Saves,82,2023-06-17
224,Robin Jansson,New England,0.5,Tackles,82,2023-06-17
225,Gustavo Bou,Orlando,0.5,Tackles,82,2023-06-17
226,Gustavo Bou,Orlando,3.0,Shots,82,2023-06-17
227,Michael Halliday,New England,1.5,Tackles,82,2023-06-17
228,Mauricio Pereyra,New England,0.5,Shots,82,2023-06-17
229,MaKo,NRG (MAPS 1-2 Kills),31.0,MAPS 1-2 Kills,159,2023-06-18
230,DeJuan Jones,Orlando,1.5,Tackles,82,2023-06-17
231,Ercan Kara,New England,2.0,Shots,82,2023-06-17
232,Tyler Miller + Zac MacMath,Salt Lake/DC,0.5,Goals Allowed in First 30 Minutes,82,2023-06-17
233,Kirk Cousins,2023 MIN,28.5,Pass TDs,163,2023-09-07
234,Kirk Cousins,2023 MIN,4275.5,Pass Yards,163,2023-09-07
235,Tyler Miller + Zac MacMath,Salt Lake/DC,5.5,Goalie Saves,82,2023-06-17
236,Rodrigo Schlegel,New England,4.5,Clearances,82,2023-06-17
237,Damir Kreilach,DC,1.5,Shots,82,2023-06-17
238,Jasper Loffelsend,DC,0.5,Shots,82,2023-06-17
239,Donovan Pines,Salt Lake,3.5,Clearances,82,2023-06-17
240,Jasper Loffelsend,DC,1.0,Clearances,82,2023-06-17
241,Lewis O'Brien,Salt Lake,1.5,Tackles,82,2023-06-17
242,Pablo Ruiz,DC,1.5,Shots,82,2023-06-17
243,Andres Gomez,DC,2.0,Shots,82,2023-06-17
244,Amari Cooper,2023 CLE,6.5,Rec TDs,163,2023-09-07
245,Tyler Miller,Salt Lake,2.5,Goalie Saves,82,2023-06-17
246,Diego Luna,DC,1.0,Shots Assisted,82,2023-06-17
247,Mateusz Klich,Salt Lake,2.0,Shots Assisted,82,2023-06-17
248,Russell Canouse,Salt Lake,48.5,Passes Attempted,82,2023-06-17
249,Russell Canouse,Salt Lake,0.5,Shots,82,2023-06-17
250,Zac MacMath,DC,3.0,Goalie Saves,82,2023-06-17
251,Steve Birnbaum,Salt Lake,0.5,Shots,82,2023-06-17
252,Andres Gomez,DC,0.5,Shots On Target,82,2023-06-17
253,Marcelo Silva,DC,3.5,Clearances,82,2023-06-17
254,Justen Glad,DC,46.5,Passes Attempted,82,2023-06-17
255,Daniel Musovski,DC,1.5,Shots,82,2023-06-17
256,Pablo Ruiz,DC,3.0,Tackles,82,2023-06-17
257,Christian Benteke,Salt Lake,3.0,Shots,82,2023-06-17
258,Derrick Williams,Salt Lake,3.0,Clearances,82,2023-06-17
259,Christopher Durkin,Salt Lake,1.5,Tackles,82,2023-06-17
260,Andrew Brody,DC,1.0,Tackles,82,2023-06-17
261,Cristian Dajome,Salt Lake,1.5,Shots,82,2023-06-17
262,Andrew Farrell,Orlando,3.0,Clearances,82,2023-06-17
263,Mauricio Pereyra,New England,1.5,Tackles,82,2023-06-17
264,HyDra,TOR Ultra,8.0,MAP 5 Kills,145,2023-06-17
265,HyDra,TOR Ultra,55.5,MAPS 1-3 Kills,145,2023-06-17
266,HyDra,TOR Ultra,23.5,MAP 3 Kills,145,2023-06-17
267,HyDra,TOR Ultra,8.0,MAP 2 Kills,145,2023-06-17
268,Valtteri Bottas,Canadian GP,3.2,1st Pit Stop Time (sec),125,2023-06-18
269,HyDra,TOR Ultra,26.5,MAP 4 Kills,145,2023-06-17
270,HyDra,TOR Ultra,26.5,MAP 1 Kills,145,2023-06-17
271,Ivan Angulo,New England,1.5,Shots,82,2023-06-17
272,Ercan Kara,New England,0.5,Shots Assisted,82,2023-06-17
273,Carles Gil,Orlando,2.0,Shots,82,2023-06-17
274,Earl Edwards Jr.,Orlando,2.5,Goalie Saves,82,2023-06-17
275,Ivan Angulo,New England,0.5,Shots Assisted,82,2023-06-17
276,KiSMET,TOR Ultra,22.5,MAP 3 Kills,145,2023-06-17
277,Rb,NRG (MAP 3 Kills),15.0,MAP 3 Kills,159,2023-06-18
278,KiSMET,TOR Ultra,7.0,MAP 2 Kills,145,2023-06-17
279,Rb,NRG (MAPS 1-2 Kills),30.0,MAPS 1-2 Kills,159,2023-06-18
280,Zhou Guanyu,Canadian GP,3.45,1st Pit Stop Time (sec),125,2023-06-18
281,Geno Smith,2023 SEA,3899.5,Pass Yards,163,2023-09-07
282,KiSMET,TOR Ultra,25.5,MAP 1 Kills,145,2023-06-17
283,Geno Smith,2023 SEA,26.5,Pass TDs,163,2023-09-07
284,KiSMET,TOR Ultra,7.0,MAP 5 Kills,145,2023-06-17
285,Calvin Ridley,2023 JAX,6.5,Rec TDs,163,2023-09-07
286,Min Woo Lee,RD3,11.0,Greens In Regulation,1,2023-06-17
287,Jared Goff,2023 DET,3999.5,Pass Yards,163,2023-09-07
288,KiSMET,TOR Ultra,51.5,MAPS 1-3 Kills,145,2023-06-17
289,Jared Goff,2023 DET,25.5,Pass TDs,163,2023-09-07
290,KiSMET,TOR Ultra,24.5,MAP 4 Kills,145,2023-06-17
291,Justin Fields,2023 CHI,19.5,Pass TDs,163,2023-09-07
292,Priestahh,TOR Ultra,48.5,MAPS 1-3 Kills,145,2023-06-17
293,Nico Hulkenberg,Canadian GP,3.4,1st Pit Stop Time (sec),125,2023-06-18
294,Priestahh,TOR Ultra,22.5,MAP 1 Kills,145,2023-06-17
295,stax,NRG (MAP 3 Kills),12.0,MAP 3 Kills,159,2023-06-18
296,Priestahh,TOR Ultra,6.5,MAP 2 Kills,145,2023-06-17
297,stax,NRG (MAPS 1-2 Kills),24.0,MAPS 1-2 Kills,159,2023-06-18
298,Devonta Smith,2023 PHI,6.5,Rec TDs,163,2023-09-07
299,Priestahh,TOR Ultra,20.5,MAP 3 Kills,145,2023-06-17
300,Priestahh,TOR Ultra,6.5,MAP 5 Kills,145,2023-06-17
301,Priestahh,TOR Ultra,22.5,MAP 4 Kills,145,2023-06-17
302,Dustin Johnson,RD3,11.0,Greens In Regulation,1,2023-06-17
303,Justin Fields,2023 CHI,2930.5,Pass Yards,163,2023-09-07
304,Tyler Lockett,2023 SEA,6.5,Rec TDs,163,2023-09-07
305,Kevin Magnussen,Canadian GP,3.2,1st Pit Stop Time (sec),125,2023-06-18
306,George Kittle,2023 SF,5.5,Rec TDs,163,2023-09-07
307,Sayf,Evil Geniuses (MAPS 1-2 Kills),37.5,MAPS 1-2 Kills,159,2023-06-18
308,Mac Jones,2023 NE,17.5,Pass TDs,163,2023-09-07
309,Skyz,TOR Ultra,45.5,MAPS 1-3 Kills,145,2023-06-17
310,Skyz,TOR Ultra,21.5,MAP 4 Kills,145,2023-06-17
311,Skyz,TOR Ultra,20.5,MAP 1 Kills,145,2023-06-17
312,Wyndham Clark,North Course RD 3,71.5,Strokes,1,2023-06-17
313,Mac Jones,2023 NE,3399.5,Pass Yards,163,2023-09-07
314,Skyz,TOR Ultra,19.5,MAP 3 Kills,145,2023-06-17
315,Wyndham Clark,North Course RD 3,3.5,Birdies Or Better,1,2023-06-17
316,Wyndham Clark,Min Woo Lee,0.0,Birdies or Better Matchup,1,2023-06-17
317,Sayf,Evil Geniuses (MAP 3 Kills),18.5,MAP 3 Kills,159,2023-06-19
318,Skyz,TOR Ultra,6.0,MAP 2 Kills,145,2023-06-17
319,Sayf,Evil Geniuses (Maps 1-2 First Blood),7.5,Maps 1-2 First Blood,159,2023-06-18
320,Skyz,TOR Ultra,6.5,MAP 5 Kills,145,2023-06-17
321,nAts,Evil Geniuses (MAP 3 Kills),16.0,MAP 3 Kills,159,2023-06-19
322,Modestas Bukauskas,Zac Pauga,47.5,Significant Strikes,12,2023-06-17
323,Scrap,NY Subliners,7.5,MAP 5 Kills,145,2023-06-17
324,Scrap,NY Subliners,23.5,MAP 3 Kills,145,2023-06-17
325,Kenny Pickett,2023 PIT,3300.5,Pass Yards,163,2023-09-07
326,Scrap,NY Subliners,26.5,MAP 1 Kills,145,2023-06-17
327,Scrap,NY Subliners,25.5,MAP 4 Kills,145,2023-06-17
328,Scrap,NY Subliners,7.5,MAP 2 Kills,145,2023-06-17
329,Daniel Jones,2023 NYG,3275.5,Pass Yards,163,2023-09-07
330,Scrap,NY Subliners,55.5,MAPS 1-3 Kills,145,2023-06-17
331,nAts,Evil Geniuses (MAPS 1-2 Kills),32.5,MAPS 1-2 Kills,159,2023-06-18
332,Daniel Jones,2023 NYG,17.5,Pass TDs,163,2023-09-07
333,Brandon Aiyuk,2023 SF,6.0,Rec TDs,163,2023-09-07
334,Jordan Love,2023 GB,20.5,Pass TDs,163,2023-09-07
335,CleanX,NY Subliners,7.0,MAP 2 Kills,145,2023-06-17
336,Ronnie Lawrence,Dan Argueta,43.5,Significant Strikes,12,2023-06-17
337,CleanX,NY Subliners,24.5,MAP 1 Kills,145,2023-06-17
338,Jerry Jeudy,2023 DEN,5.5,Rec TDs,163,2023-09-07
339,Jamppi,Evil Geniuses (MAPS 1-2 Kills),30.5,MAPS 1-2 Kills,159,2023-06-18
340,CleanX,NY Subliners,51.5,MAPS 1-3 Kills,145,2023-06-17
341,CleanX,NY Subliners,24.5,MAP 4 Kills,145,2023-06-17
342,Jamppi,Evil Geniuses (MAP 3 Kills),15.0,MAP 3 Kills,159,2023-06-19
343,CleanX,NY Subliners,7.0,MAP 5 Kills,145,2023-06-17
344,Wyndham Clark,RD3,9.5,Fairways Hit,1,2023-06-17
345,Ronnie Lawrence,Dan Argueta,4.0,Takedowns,12,2023-06-17
346,Jordan Love,2023 GB,3325.5,Pass Yards,163,2023-09-07
347,CleanX,NY Subliners,22.5,MAP 3 Kills,145,2023-06-17
348,Insight,NY Subliners,21.5,MAP 4 Kills,145,2023-06-17
349,Courtland Sutton,2023 DEN,5.5,Rec TDs,163,2023-09-07
350,soulcas,Evil Geniuses (MAP 3 Kills),13.5,MAP 3 Kills,159,2023-06-19
351,Insight,NY Subliners,44.5,MAPS 1-3 Kills,145,2023-06-17
352,Insight,NY Subliners,20.5,MAP 1 Kills,145,2023-06-17
353,soulcas,Evil Geniuses (MAPS 1-2 Kills),27.0,MAPS 1-2 Kills,159,2023-06-18
354,Insight,NY Subliners,19.5,MAP 3 Kills,145,2023-06-17
355,Insight,NY Subliners,6.5,MAP 5 Kills,145,2023-06-17
356,Insight,NY Subliners,6.0,MAP 2 Kills,145,2023-06-17
357,Tereza Bleda	,Gabriella Fernandes,42.5,Significant Strikes,12,2023-06-17
358,Kenny Pickett,2023 PIT,19.5,Pass TDs,163,2023-09-07
359,Tereza Bleda	,Gabriella Fernandes,2.0,Takedowns,12,2023-06-17
360,Amon-Ra St. Brown	,2023 DET,5.5,Rec TDs,163,2023-09-07
361,Redgar,Evil Geniuses (MAP 3 Kills),13.0,MAP 3 Kills,159,2023-06-19
362,Hicksy,NY Subliners,6.5,MAP 5 Kills,145,2023-06-17
363,Desmond Ridder,2023 ATL,2575.5,Pass Yards,163,2023-09-07
364,Hicksy,NY Subliners,22.5,MAP 4 Kills,145,2023-06-17
365,Redgar,Evil Geniuses (Maps 1-2 First Blood),5.5,Maps 1-2 First Blood,159,2023-06-18
366,Hicksy,NY Subliners,45.5,MAPS 1-3 Kills,145,2023-06-17
367,Desmond Ridder,2023 ATL,15.5,Pass TDs,163,2023-09-07
368,Hicksy,NY Subliners,19.5,MAP 3 Kills,145,2023-06-17
369,Hicksy,NY Subliners,21.5,MAP 1 Kills,145,2023-06-17
370,Hicksy,NY Subliners,5.5,MAP 2 Kills,145,2023-06-17
371,Redgar,Evil Geniuses (MAPS 1-2 Kills),26.0,MAPS 1-2 Kills,159,2023-06-18
372,Harris English,North Course RD 3,71.5,Strokes,1,2023-06-17
373,Denys Bondar,Carlos Hernandez,60.5,Significant Strikes,12,2023-06-17
374,Denys Bondar,Carlos Hernandez,2.5,Takedowns,12,2023-06-17
375,Demon1,Team Liquid (MAPS 1-2 Kills),35.0,MAPS 1-2 Kills,159,2023-06-18
376,Gabriel Davis,2023 BUF,6.5,Rec TDs,163,2023-09-07
377,Demon1,Team Liquid (Maps 1-2 First Blood),7.5,Maps 1-2 First Blood,159,2023-06-18
378,Demon1,Team Liquid (MAP 3 Kills),17.5,MAP 3 Kills,159,2023-06-19
379,Christian Kirk,2023 JAX,5.5,Rec TDs,163,2023-09-07
380,Tee Higgins,2023 CIN,6.5,Rec TDs,163,2023-09-07
381,jawgemo,Team Liquid (MAPS 1-2 Kills),32.0,MAPS 1-2 Kills,159,2023-06-18
382,jawgemo,Team Liquid (MAP 3 Kills),16.0,MAP 3 Kills,159,2023-06-19
383,Kadarius Toney,2023 KC,5.5,Rec TDs,163,2023-09-07
384,Christian Quinonez,Kang Kyung-ho,61.5,Significant Strikes,12,2023-06-17
385,Boostio,Team Liquid (MAPS 1-2 Kills),31.0,MAPS 1-2 Kills,159,2023-06-18
386,Alessandro Costa,Jimmy Flick,8.5,Fight Time (Mins),12,2023-06-17
387,Alessandro Costa,Jimmy Flick,27.5,Significant Strikes,12,2023-06-17
388,Keenan Allen,2023 LAC,5.5,Rec TDs,163,2023-09-07
389,Boostio,Team Liquid (Maps 1-2 First Blood),4.5,Maps 1-2 First Blood,159,2023-06-18
390,Boostio,Team Liquid (MAP 3 Kills),15.5,MAP 3 Kills,159,2023-06-19
391,Mike Williams,2023 LAC,5.5,Rec TDs,163,2023-09-07
392,Ethan,Team Liquid (MAPS 1-2 Kills),28.5,MAPS 1-2 Kills,159,2023-06-18
393,Ethan,Team Liquid (MAP 3 Kills),14.0,MAP 3 Kills,159,2023-06-19
394,Manuel Torres,Nikolas Motta,37.5,Significant Strikes,12,2023-06-17
395,Chris Olave,2023 NO,5.5,Rec TDs,163,2023-09-07
396,C0M,Team Liquid (MAP 3 Kills),13.5,MAP 3 Kills,159,2023-06-19
397,C0M,Team Liquid (MAPS 1-2 Kills),27.5,MAPS 1-2 Kills,159,2023-06-18
398,Manuel Torres,Nikolas Motta,6.5,Fight Time (Mins),12,2023-06-17
399,Pat Sabatini,Lucas Almeida,30.5,Significant Strikes,12,2023-06-17
400,Diontae Johnson,2023 PIT,5.5,Rec TDs,163,2023-09-07
401,Pat Sabatini,Lucas Almeida,2.5,Takedowns,12,2023-06-17
402,Derke,Paper Rex (MAP 3 Kills),18.5,MAP 3 Kills,159,2023-06-18
403,Derke,Paper Rex (MAPS 1-2 Kills),37.5,MAPS 1-2 Kills,159,2023-06-18
404,Derke,Paper Rex (Maps 1-2 First Blood),10.0,Maps 1-2 First Blood,159,2023-06-18
405,Pat Sabatini,Lucas Almeida,11.5,Fight Time (Mins),12,2023-06-17
406,Alfajer,Paper Rex (MAPS 1-2 Kills),35.5,MAPS 1-2 Kills,159,2023-06-18
407,Alfajer,Paper Rex (Maps 1-2 First Blood),5.5,Maps 1-2 First Blood,159,2023-06-18
408,Christian Leroy Duncan,Armen Petrosyan,55.5,Significant Strikes,12,2023-06-17
409,Alfajer,Paper Rex (MAP 3 Kills),17.5,MAP 3 Kills,159,2023-06-18
410,Christian Leroy Duncan,Armen Petrosyan,14.75,Fight Time (Mins),12,2023-06-17
411,Chronicle,Paper Rex (MAPS 1-2 Kills),33.5,MAPS 1-2 Kills,159,2023-06-18
412,Arman Tsarukyan,Joaquim Silva,34.5,Significant Strikes,12,2023-06-18
413,Chris Godwin,2023 TB,5.5,Rec TDs,163,2023-09-07
414,Arman Tsarukyan,Joaquim Silva,2.0,Takedowns,12,2023-06-18
415,Chronicle,Paper Rex (MAP 3 Kills),16.5,MAP 3 Kills,159,2023-06-18
416,Arman Tsarukyan,Joaquim Silva,6.5,Fight Time (Mins),12,2023-06-18
417,Leo,Paper Rex (MAP 3 Kills),15.5,MAP 3 Kills,159,2023-06-18
418,Marvin Vettori,Jared Cannonier,97.5,Significant Strikes,12,2023-06-18
419,Darren Waller,2023 NYG,5.0,Rec TDs,163,2023-09-07
420,Marvin Vettori,Jared Cannonier,2.0,Takedowns,12,2023-06-18
421,Min Woo Lee,North Course RD 3,3.5,Birdies Or Better,1,2023-06-17
422,Min Woo Lee,North Course RD 3,71.5,Strokes,1,2023-06-17
423,Leo,Paper Rex (MAPS 1-2 Kills),31.0,MAPS 1-2 Kills,159,2023-06-18
424,Boaster,Paper Rex (MAPS 1-2 Kills),24.0,MAPS 1-2 Kills,159,2023-06-18
425,Boaster,Paper Rex (MAP 3 Kills),12.0,MAP 3 Kills,159,2023-06-18
426,Terry McLaurin,2023 WAS,5.0,Rec TDs,163,2023-09-07
427,Jinggg,Fnatic (MAP 3 Kills),16.5,MAP 3 Kills,159,2023-06-18
428,Jinggg,Fnatic (Maps 1-2 First Blood),5.5,Maps 1-2 First Blood,159,2023-06-18
429,Jinggg,Fnatic (MAPS 1-2 Kills),33.5,MAPS 1-2 Kills,159,2023-06-18
430,Marquise Brown,2023 ARI,4.5,Rec TDs,163,2023-09-07
431,f0rsakeN,Fnatic (MAP 3 Kills),15.5,MAP 3 Kills,159,2023-06-18
432,Kyle Pitts,2023 ATL,4.5,Rec TDs,163,2023-09-07
433,f0rsakeN,Fnatic (MAPS 1-2 Kills),31.0,MAPS 1-2 Kills,159,2023-06-18
434,d4v41,Fnatic (MAP 3 Kills),14.5,MAP 3 Kills,159,2023-06-18
435,d4v41,Fnatic (MAPS 1-2 Kills),29.5,MAPS 1-2 Kills,159,2023-06-18
436,Drake London,2023 ATL,4.5,Rec TDs,163,2023-09-07
437,mindfreak,Fnatic (MAP 3 Kills),12.5,MAP 3 Kills,159,2023-06-18
438,mindfreak,Fnatic (MAPS 1-2 Kills),25.5,MAPS 1-2 Kills,159,2023-06-18
439,D.J. Moore,2023 CHI,4.5,Rec TDs,163,2023-09-07
440,Tyler Boyd,2023 CIN,4.5,Rec TDs,163,2023-09-07
441,Michael Pittman Jr.,2023 IND,4.5,Rec TDs,163,2023-09-07
442,Van Jefferson,2023 LA,4.5,Rec TDs,163,2023-09-07
443,Odell Beckham Jr.,2023 BAL,4.5,Rec TDs,163,2023-09-07
444,Dawson Knox,2023 BUF,4.5,Rec TDs,163,2023-09-07
445,Christian Watson,2023 GB,4.5,Rec TDs,163,2023-09-07
446,Michael Gallup,2023 DAL,4.5,Rec TDs,163,2023-09-07
447,Adam Thielen,2023 CAR,4.5,Rec TDs,163,2023-09-07
448,Marquez Valdes-Scantling,2023 KC,4.5,Rec TDs,163,2023-09-07
449,Tyler Higbee,2023 LA,4.5,Rec TDs,163,2023-09-07
450,Nightfall,EG (MAP 3 Kills),6.0,MAP 3 Kills,174,2023-06-17
451,T.J. Hockenson,2023 MIN,5.0,Rec TDs,163,2023-09-07
452,JuJu Smith-Schuster,2023 NE,4.5,Rec TDs,163,2023-09-07
453,gpk,EG (MAP 3 Kills),6.5,MAP 3 Kills,174,2023-06-17
454,Allen Lazard,2023 NYJ,4.5,Rec TDs,163,2023-09-07
455,George Pickens,2023 PIT,4.5,Rec TDs,163,2023-09-07
456,Pat Freiermuth,2023 PIT,4.5,Rec TDs,163,2023-09-07
457,Pakazs,BB (MAP 3 Kills),6.5,MAP 3 Kills,174,2023-06-17
458,Jordan Addison,2023 MIN,4.5,Rec TDs,163,2023-09-07
459,Deebo Samuel,2023 SF,4.5,Rec TDs,163,2023-09-07
460,Chris Luck,BB (MAP 3 Kills),6.0,MAP 3 Kills,174,2023-06-17
461,Jaxon Smith-Njigba,2023 SEA,4.5,Rec TDs,163,2023-09-07
462,Treylon Burks,2023 TEN,4.5,Rec TDs,163,2023-09-07
463,Yatoro,GG (MAPS 1-2 Kills),11.5,MAPS 1-2 Kills,174,2023-06-18
464,Yatoro,GG (MAP 3 Kills),6.0,MAP 3 Kills,174,2023-06-18
465,Larl,GG (MAPS 1-2 Kills),12.0,MAPS 1-2 Kills,174,2023-06-18
466,Larl,GG (MAP 3 Kills),6.0,MAP 3 Kills,174,2023-06-18
467,dyrachyo,TSpirit (MAPS 1-2 Kills),10.0,MAPS 1-2 Kills,174,2023-06-18
468,dyrachyo,TSpirit (MAP 3 Kills),5.0,MAP 3 Kills,174,2023-06-18
469,Quinn,TSpirit (MAP 3 Kills),7.5,MAP 3 Kills,174,2023-06-18
470,Quinn,TSpirit (MAPS 1-2 Kills),15.0,MAPS 1-2 Kills,174,2023-06-18
471,RAMZES666,Talon (MAP 3 Kills),6.5,MAP 3 Kills,174,2023-06-18
472,RAMZES666,Talon (MAPS 1-2 Kills),12.5,MAPS 1-2 Kills,174,2023-06-18
473,kiyotaka,Talon (MAPS 1-2 Kills),19.0,MAPS 1-2 Kills,174,2023-06-18
474,kiyotaka,Talon (MAP 3 Kills),9.5,MAP 3 Kills,174,2023-06-18
475,23savage,9P (MAP 3 Kills),5.5,MAP 3 Kills,174,2023-06-18
476,23savage,9P (MAPS 1-2 Kills),10.5,MAPS 1-2 Kills,174,2023-06-18
477,Mikoto,9P (MAP 3 Kills),6.5,MAP 3 Kills,174,2023-06-18
478,Mikoto,9P (MAPS 1-2 Kills),12.5,MAPS 1-2 Kills,174,2023-06-18
479,Pakazs,PSG.LGD (MAPS 1-2 Kills),12.0,MAPS 1-2 Kills,174,2023-06-18
480,Pakazs,PSG.LGD (MAP 3 Kills),6.0,MAP 3 Kills,174,2023-06-18
481,Chris Luck,PSG.LGD (MAP 3 Kills),5.5,MAP 3 Kills,174,2023-06-18
482,Chris Luck,PSG.LGD (MAPS 1-2 Kills),11.5,MAPS 1-2 Kills,174,2023-06-18
483,shiro,EG (MAPS 1-2 Kills),13.0,MAPS 1-2 Kills,174,2023-06-18
484,shiro,EG (MAP 3 Kills),6.5,MAP 3 Kills,174,2023-06-18
485,NothingToSay,EG (MAPS 1-2 Kills),14.5,MAPS 1-2 Kills,174,2023-06-18
486,NothingToSay,EG (MAP 3 Kills),7.5,MAP 3 Kills,174,2023-06-18
487,Monet,BB (MAPS 1-2 Kills),10.5,MAPS 1-2 Kills,174,2023-06-18
488,Monet,BB (MAP 3 Kills),5.5,MAP 3 Kills,174,2023-06-18
489,Fernando Tatis Jr.,TB,0.5,Runs,2,2023-06-17
490,SumaiL,BB (MAPS 1-2 Kills),13.0,MAPS 1-2 Kills,174,2023-06-18
491,SumaiL,BB (MAP 3 Kills),6.5,MAP 3 Kills,174,2023-06-18
492,Juan Soto,TB,0.5,Runs,2,2023-06-17
493,Yandy Diaz,SD,0.5,Runs,2,2023-06-17
494,Jose Ramirez,ARI,0.5,Runs,2,2023-06-17
495,Nightfall,Aster (MAP 3 Kills),6.0,MAP 3 Kills,174,2023-06-18
496,Nightfall,Aster (MAPS 1-2 Kills),11.5,MAPS 1-2 Kills,174,2023-06-18
497,Steven Kwan,ARI,0.5,Runs,2,2023-06-17
498,gpk,Aster (MAPS 1-2 Kills),12.5,MAPS 1-2 Kills,174,2023-06-18
499,gpk,Aster (MAP 3 Kills),6.0,MAP 3 Kills,174,2023-06-18
500,Wander Franco,SD,0.5,Hitter Strikeouts,2,2023-06-17
501,Andres Gimenez,ARI,0.5,Hitter Strikeouts,2,2023-06-17
502,Cam Gallagher,ARI,0.5,Hitter Strikeouts,2,2023-06-17
503,Josh Naylor,ARI,0.5,Hitter Strikeouts,2,2023-06-17
504,Christian Moore,LSU,1.5,Total Bases,189,2023-06-17
505,Will Brennan,ARI,0.5,Hitter Strikeouts,2,2023-06-17
506,Rickie Fowler,North Course RD 3,3.5,Hole 11 Shots,1,2023-06-17
507,Derrick Henry,2023 TEN,1199.5,Rush Yards,163,2023-09-07
508,Rickie Fowler,North Course RD 3,14.0,Pars Or Better,1,2023-06-17
509,Justin Jefferson,2023 MIN,1399.5,Receiving Yards,163,2023-09-07
510,Dylan Crews,Tennessee,2.5,Total Bases,189,2023-06-17
511,Derrick Henry,2023 TEN,9.5,Rush TDs,163,2023-09-07
512,Tyreek Hill,2023 MIA,1299.5,Receiving Yards,163,2023-09-07
513,Wyndham Clark,North Course RD 3,3.5,Hole 11 Shots,1,2023-06-17
514,Jonathan Taylor,2023 IND,8.5,Rush TDs,163,2023-09-07
515,Jonathan Taylor,2023 IND,1175.5,Rush Yards,163,2023-09-07
516,Jared Dickey,LSU,1.5,Total Bases,189,2023-06-17
517,Scottie Scheffler,North Course RD 3,15.0,Pars Or Better,1,2023-06-17
518,Rory McIlroy,North Course RD 3,14.5,Pars Or Better,1,2023-06-17
519,Nick Chubb,2023 CLE,8.5,Rush TDs,163,2023-09-07
520,Nick Chubb,2023 CLE,1275.5,Rush Yards,163,2023-09-07
521,Ja'Marr Chase,2023 CIN,1325.5,Receiving Yards,163,2023-09-07
522,Harris English,North Course RD 3,3.5,Hole 11 Shots,1,2023-06-17
523,Tommy White,Tennessee,2.5,Total Bases,189,2023-06-17
524,Christian McCaffrey,2023 SF,7.5,Rush TDs,163,2023-09-07
525,Sam Bennett,North Course RD 3,3.5,Hole 11 Shots,1,2023-06-17
526,Bijan Robinson,2023 ATL,1075.5,Rush Yards,163,2023-09-07
527,Bijan Robinson,2023 ATL,8.5,Rush TDs,163,2023-09-07
528,Travis Kelce,2023 KC,1150.5,Receiving Yards,163,2023-09-07
529,Stefon Diggs,2023 BUF,1199.5,Receiving Yards,163,2023-09-07
530,Min Woo Lee,North Course RD 3,3.5,Hole 11 Shots,1,2023-06-17
531,Xander Schauffele,North Course RD 3,14.5,Pars Or Better,1,2023-06-17
532,Charley Hoffman,North Course RD 3,3.5,Hole 11 Shots,1,2023-06-17
533,Dustin Johnson,North Course RD 3,14.5,Pars Or Better,1,2023-06-17
534,Davante Adams,2023 LV,1300.5,Receiving Yards,163,2023-09-07
535,Justin Suh,North Course RD 3,3.5,Hole 11 Shots,1,2023-06-17
536,Cameron Smith,North Course RD 3,14.5,Pars Or Better,1,2023-06-17
537,Brian Harman,North Course RD 3,3.5,Hole 11 Shots,1,2023-06-17
538,Cooper Kupp,2023 LA,1275.5,Receiving Yards,163,2023-09-07
539,Gary Woodland,North Course RD 3,3.5,Hole 11 Shots,1,2023-06-17
540,Josh Jacobs,2023 LV,9.5,Rush TDs,163,2023-09-07
541,CeeDee Lamb,2023 DAL,1125.5,Receiving Yards,163,2023-09-07
542,Josh Jacobs,2023 LV,1125.5,Rush Yards,163,2023-09-07
543,Tony Pollard,2023 DAL,1050.5,Rush Yards,163,2023-09-07
544,Rickie Fowler,North Course RD 3,4.5,Hole 1 Shots,1,2023-06-17
545,Austin Ekeler,2023 LAC,8.5,Rush TDs,163,2023-09-07
546,Tony Pollard,2023 DAL,8.5,Rush TDs,163,2023-09-07
547,Austin Ekeler,2023 LAC,825.5,Rush Yards,163,2023-09-07
548,Denny McCarthy,North Course RD 3,3.5,Hole 11 Shots,1,2023-06-17
549,Breece Hall,2023 NYJ,6.5,Rush TDs,163,2023-09-07
550,Devonta Smith,2023 PHI,1049.5,Receiving Yards,163,2023-09-07
551,Breece Hall,2023 NYJ,875.5,Rush Yards,163,2023-09-07
552,Christian McCaffrey,2023 SF,850.5,Rush Yards,163,2023-09-07
553,Garrett Wilson,2023 NYJ,1149.5,Receiving Yards,163,2023-09-07
554,Dylan Crews,Tennessee,3.5,Hits+Runs+RBIS,189,2023-06-17
555,AJ Brown,2023 PHI,1099.5,Receiving Yards,163,2023-09-07
556,Rhamondre Stevenson,2023 NE,999.5,Rush Yards,163,2023-09-07
557,Rhamondre Stevenson,2023 NE,6.5,Rush TDs,163,2023-09-07
558,Joe Mixon,2023 CIN,7.5,Rush TDs,163,2023-09-07
559,Joe Mixon,2023 CIN,850.5,Rush Yards,163,2023-09-07
560,Jaylen Waddle,2023 MIA,1149.5,Receiving Yards,163,2023-09-07
561,Mark Andrews,2023 BAL,899.5,Receiving Yards,163,2023-09-07
562,Amon-Ra St. Brown	,2023 DET,1050.5,Receiving Yards,163,2023-09-07
563,Deebo Samuel,2023 SF,780.5,Receiving Yards,163,2023-09-07
564,Mike Evans,2023 TB,950.5,Receiving Yards,163,2023-09-07
565,Chris Godwin,2023 TB,799.5,Receiving Yards,163,2023-09-07
566,Calvin Ridley,2023 JAX,925.5,Receiving Yards,163,2023-09-07
567,Dylan Crews,Tennessee,1.5,Hits,189,2023-06-17
568,Amari Cooper,2023 CLE,975.5,Receiving Yards,163,2023-09-07
569,Keenan Allen,2023 LAC,900.5,Receiving Yards,163,2023-09-07
570,Jalen Hurts,2023 PHI,11.0,Rush TDs,163,2023-09-07
571,DK Metcalf,2023 SEA,999.5,Receiving Yards,163,2023-09-07
572,Jalen Hurts,2023 PHI,725.5,Rush Yards,163,2023-09-07
573,Chris Olave,2023 NO,999.5,Receiving Yards,163,2023-09-07
574,Josh Allen,2023 BUF,575.5,Rush Yards,163,2023-09-07
575,JuJu Smith-Schuster,2023 NE,750.5,Receiving Yards,163,2023-09-07
576,Josh Allen,2023 BUF,6.5,Rush TDs,163,2023-09-07
577,Lamar Jackson,2023 BAL,5.5,Rush TDs,163,2023-09-07
578,George Kittle,2023 SF,725.5,Receiving Yards,163,2023-09-07
579,Terry McLaurin,2023 WAS,899.5,Receiving Yards,163,2023-09-07
580,Lamar Jackson,2023 BAL,750.5,Rush Yards,163,2023-09-07
581,Daniel Jones,2023 NYG,575.5,Rush Yards,163,2023-09-07
582,Tee Higgins,2023 CIN,975.5,Receiving Yards,163,2023-09-07
583,Justin Fields,2023 CHI,825.5,Rush Yards,163,2023-09-07
584,Justin Fields,2023 CHI,6.5,Rush TDs,163,2023-09-07
585,Christian McCaffrey,2023 SF,599.5,Receiving Yards,163,2023-09-07
586,Kyle Pitts,2023 ATL,725.5,Receiving Yards,163,2023-09-07
587,Patrick Mahomes,2023 KC,299.5,Rush Yards,163,2023-09-07
588,Joe Burrow,2023 CIN,199.5,Rush Yards,163,2023-09-07
589,Trevor Lawrence,2023 JAX,285.5,Rush Yards,163,2023-09-07
590,Austin Ekeler,2023 LAC,575.5,Receiving Yards,163,2023-09-07
591,Deshaun Watson,2023 CLE,399.5,Rush Yards,163,2023-09-07
592,Dylan Crews,Tennessee,0.5,RBIs,189,2023-06-17
593,Gabriel Davis,2023 BUF,775.5,Receiving Yards,163,2023-09-07
594,Allen Lazard,2023 NYJ,699.5,Receiving Yards,163,2023-09-07
595,Justin Herbert,2023 LAC,199.5,Rush Yards,163,2023-09-07
596,Brandon Aiyuk,2023 SF,850.5,Receiving Yards,163,2023-09-07
597,Jerry Jeudy,2023 DEN,899.5,Receiving Yards,163,2023-09-07
598,Russell Wilson,2023 DEN,225.5,Rush Yards,163,2023-09-07
599,Marquise Brown,2023 ARI,825.5,Receiving Yards,163,2023-09-07
600,Tyler Lockett,2023 SEA,875.5,Receiving Yards,163,2023-09-07
601,Darren Waller,2023 NYG,750.5,Receiving Yards,163,2023-09-07
602,Mike Williams,2023 LAC,825.5,Receiving Yards,163,2023-09-07
603,Michael Pittman Jr.,2023 IND,850.5,Receiving Yards,163,2023-09-07
604,Christian Kirk,2023 JAX,849.5,Receiving Yards,163,2023-09-07
605,Dallas Goedert,2023 PHI,675.5,Receiving Yards,163,2023-09-07
606,D.J. Moore,2023 CHI,825.5,Receiving Yards,163,2023-09-07
607,Courtland Sutton,2023 DEN,750.5,Receiving Yards,163,2023-09-07
608,Diontae Johnson,2023 PIT,850.5,Receiving Yards,163,2023-09-07
609,Najee Harris,2023 PIT,7.5,Rush TDs,163,2023-09-07
610,Najee Harris,2023 PIT,999.5,Rush Yards,163,2023-09-07
611,Travis Etienne Jr.,2023 JAX,1025.5,Rush Yards,163,2023-09-07
612,Travis Etienne Jr.,2023 JAX,6.5,Rush TDs,163,2023-09-07
613,Kenneth Walker III,2023 SEA,950.5,Rush Yards,163,2023-09-07
614,David Njoku,2023 CLE,3.5,Rec TDs,163,2023-09-07
615,Dameon Pierce,2023 HOU,950.5,Rush Yards,163,2023-09-07
616,Evan Engram,2023 JAX,3.5,Rec TDs,163,2023-09-07
617,Dallas Goedert,2023 PHI,3.5,Rec TDs,163,2023-09-07
618,Kenneth Walker III,2023 SEA,7.5,Rush TDs,163,2023-09-07
619,James Conner,2023 ARI,775.5,Rush Yards,163,2023-09-07
620,James Conner,2023 ARI,6.5,Rush TDs,163,2023-09-07
621,J.K. Dobbins,2023 BAL,6.5,Rush TDs,163,2023-09-07
622,J.K. Dobbins,2023 BAL,825.5,Rush Yards,163,2023-09-07
623,Jahan Dotson,2023 WAS,4.5,Rec TDs,163,2023-09-07
624,Miles Sanders,2023 CAR,915.5,Rush Yards,163,2023-09-07
625,Miles Sanders,2023 CAR,6.5,Rush TDs,163,2023-09-07
626,David Montgomery,2023 DET,750.5,Rush Yards,163,2023-09-07
627,Sam LaPorta,2023 DET,3.5,Rec TDs,163,2023-09-07
628,Brian Robinson,2023 WAS,6.5,Rush TDs,163,2023-09-07
629,Aaron Jones,2023 GB,799.5,Rush Yards,163,2023-09-07
630,Isiah Pacheco,2023 KC,799.5,Rush Yards,163,2023-09-07
631,Brian Robinson,2023 WAS,825.5,Rush Yards,163,2023-09-07
632,Cam Akers,2023 LA,6.5,Rush TDs,163,2023-09-07
633,Isiah Pacheco,2023 KC,6.5,Rush TDs,163,2023-09-07
634,A.J. Dillon,2023 GB,775.5,Rush Yards,163,2023-09-07
635,Dameon Pierce,2023 HOU,5.5,Rush TDs,163,2023-09-07
636,James Cook,2023 BUF,4.5,Rush TDs,163,2023-09-07
637,Alexander Mattison,2023 MIN,7.5,Rush TDs,163,2023-09-07
638,Jaxon Smith-Njigba,2023 SEA,725.5,Receiving Yards,163,2023-09-07
639,Jordan Addison,2023 MIN,825.5,Receiving Yards,163,2023-09-07
640,Quentin Johnston ,2023 LAC,599.5,Receiving Yards,163,2023-09-07
641,Zay Flowers,2023 BAL,599.5,Receiving Yards,163,2023-09-07
642,Odell Beckham Jr.,2023 BAL,575.5,Receiving Yards,163,2023-09-07
643,Cam Akers,2023 LA,750.5,Rush Yards,163,2023-09-07
644,Austin Ekeler,2023 LAC,4.5,Rec TDs,163,2023-09-07
645,Christian McCaffrey,2023 SF,4.5,Rec TDs,163,2023-09-07
646,Tony Pollard,2023 DAL,3.0,Rec TDs,163,2023-09-07
647,D'Andre Swift,2023 PHI,5.0,Rush TDs,163,2023-09-07
648,D'Andre Swift,2023 PHI,599.5,Rush Yards,163,2023-09-07
649,Evan Engram,2023 JAX,675.5,Receiving Yards,163,2023-09-07
650,Jahmyr Gibbs,2023 DET,625.5,Rush Yards,163,2023-09-07
651,Rachaad White,2023 TB,699.5,Rush Yards,163,2023-09-07
652,Derrick Henry,2023 TEN,0.5,Rec TDs,163,2023-09-07
653,Rachaad White,2023 TB,4.5,Rush TDs,163,2023-09-07
654,Wyndham Clark,North Course RD 3,4.5,Hole 1 Shots,1,2023-06-17
655,Christian Watson,2023 GB,765.5,Receiving Yards,163,2023-09-07
656,Josh Jacobs,2023 LV,0.5,Rec TDs,163,2023-09-07
657,Nick Chubb,2023 CLE,0.5,Rec TDs,163,2023-09-07
658,Min Woo Lee,North Course RD 3,4.5,Hole 1 Shots,1,2023-06-17
659,Kadarius Toney,2023 KC,650.5,Receiving Yards,163,2023-09-07
660,Joe Mixon,2023 CIN,1.5,Rec TDs,163,2023-09-07
661,Drake London,2023 ATL,850.5,Receiving Yards,163,2023-09-07
662,Najee Harris,2023 PIT,2.5,Rec TDs,163,2023-09-07
663,George Pickens,2023 PIT,750.5,Receiving Yards,163,2023-09-07
664,David Njoku,2023 CLE,560.5,Receiving Yards,163,2023-09-07
665,Tyler Higbee,2023 LA,499.5,Receiving Yards,163,2023-09-07
666,Treylon Burks,2023 TEN,725.5,Receiving Yards,163,2023-09-07
667,Kenneth Walker III,2023 SEA,0.5,Rec TDs,163,2023-09-07
668,Miles Sanders,2023 CAR,0.5,Rec TDs,163,2023-09-07
669,Blake Snell,TB 1st Inning,16.5,Pitches Thrown,231,2023-06-17
670,Zach Eflin,SD 1st Inning,15.5,Pitches Thrown,231,2023-06-17
671,Rafael Devers,NYY,1.5,Total Bases,2,2023-06-17
672,Harris English,North Course RD 3,4.5,Hole 1 Shots,1,2023-06-17
673,Sam Bennett,North Course RD 3,4.5,Hole 1 Shots,1,2023-06-17
674,Blake Snell,TB 1+2+3 Innings,3.0,Pitcher Strikeouts,231,2023-06-17
675,Xander Bogaerts,TB,1.5,Hits+Runs+RBIS,2,2023-06-17
676,Blake Snell,TB,6.0,Pitcher Strikeouts,2,2023-06-17
677,Blake Snell,TB,5.0,Hits Allowed,2,2023-06-17
678,Blake Snell + Zach Eflin,TB/SD,0.5,1st Inning Runs Allowed,2,2023-06-17
679,Blake Snell,TB,2.5,Walks Allowed,2,2023-06-17
680,Blake Snell + Zach Eflin,TB/SD,11.5,Pitcher Strikeouts,2,2023-06-17
681,Fernando Tatis Jr.,TB,9.5,Hitter Fantasy Score,2,2023-06-17
682,Zach Eflin,SD,5.0,Pitcher Strikeouts,2,2023-06-17
683,Randy Arozarena,SD,1.5,Hits+Runs+RBIS,2,2023-06-17
684,Wander Franco,SD,7.5,Hitter Fantasy Score,2,2023-06-17
685,Zach Eflin,SD,5.0,Hits Allowed,2,2023-06-17
686,Zach Eflin,SD 1+2+3 Innings,2.5,Pitcher Strikeouts,231,2023-06-17
687,J.D. Martinez,SF,1.5,Hits+Runs+RBIS,2,2023-06-17
688,Fernando Tatis Jr.,TB,1.5,Total Bases,2,2023-06-17
689,Juan Soto,TB,7.5,Hitter Fantasy Score,2,2023-06-17
690,Jose Siri,SD,0.5,Total Bases,2,2023-06-17
691,Joc Pederson,LAD,1.5,Hits+Runs+RBIS,2,2023-06-17
692,Yandy Diaz,SD,6.5,Hitter Fantasy Score,2,2023-06-17
693,Andres Gimenez,ARI,1.5,Hits+Runs+RBIS,2,2023-06-17
694,Matt Carpenter,TB,0.5,Total Bases,2,2023-06-17
695,Taylor Walls,SD,0.5,Total Bases,2,2023-06-17
696,Christian Walker,CLE,1.5,Hits+Runs+RBIS,2,2023-06-17
697,Gabriel Moreno,CLE,1.5,Hits+Runs+RBIS,2,2023-06-17
698,Trent Grisham,TB,0.5,Total Bases,2,2023-06-17
699,Jake McCarthy,CLE,1.5,Hits+Runs+RBIS,2,2023-06-17
700,Joe Burrow,2023 CIN,3.0,Rush TDs,163,2023-09-07
701,Josh Bell,ARI,1.5,Hits+Runs+RBIS,2,2023-06-17
702,Lourdes Gurriel Jr.,CLE,1.5,Hits+Runs+RBIS,2,2023-06-17
703,Trevor Lawrence,2023 JAX,3.0,Rush TDs,163,2023-09-07
704,Myles Straw,ARI,1.5,Hits+Runs+RBIS,2,2023-06-17
705,Deshaun Watson,2023 CLE,3.0,Rush TDs,163,2023-09-07
706,Justin Herbert,2023 LAC,2.5,Rush TDs,163,2023-09-07
707,Pavin Smith,CLE,1.5,Hits+Runs+RBIS,2,2023-06-17
708,Russell Wilson,2023 DEN,2.5,Rush TDs,163,2023-09-07
709,Will Brennan,ARI,1.5,Hits+Runs+RBIS,2,2023-06-17
710,Aaron Rodgers,2023 NYJ,1.5,Rush TDs,163,2023-09-07
711,Adam Thielen,2023 CAR,599.5,Receiving Yards,163,2023-09-07
712,Tim Patrick,2023 DEN,525.5,Receiving Yards,163,2023-09-07
713,Mac Jones,2023 NE,0.5,Rush TDs,163,2023-09-07
714,Robert Woods,2023 HOU,599.5,Receiving Yards,163,2023-09-07
715,Bobby Miller,SF,4.5,Hits Allowed,2,2023-06-17
716,Freddie Freeman,SF,8.0,Hitter Fantasy Score,2,2023-06-17
717,Bobby Miller,SF 1+2+3 Innings,3.0,Pitcher Strikeouts,231,2023-06-17
718,Bobby Miller,SF,6.0,Pitcher Strikeouts,2,2023-06-17
719,Bobby Miller,SF 1st Inning,15.5,Pitches Thrown,231,2023-06-17
720,Bobby Miller + Alex Wood,SF/LAD,0.5,1st Inning Runs Allowed,2,2023-06-17
721,Alex Wood,LAD 1st Inning,16.5,Pitches Thrown,231,2023-06-17
722,Alex Wood,LAD,3.5,Pitcher Strikeouts,2,2023-06-17
723,Thairo Estrada,LAD,7.0,Hitter Fantasy Score,2,2023-06-17
724,Mookie Betts,SF,8.5,Hitter Fantasy Score,2,2023-06-17
725,Dawson Knox,2023 BUF,425.5,Receiving Yards,163,2023-09-07
726,Shane Bieber,ARI,4.5,Pitcher Strikeouts,2,2023-06-17
727,Shane Bieber,ARI 1st Inning,15.5,Pitches Thrown,231,2023-06-17
728,Shane Bieber,ARI,28.5,Pitcher Fantasy Score,2,2023-06-17
729,Tommy Henry,CLE 1st Inning,0.5,Pitcher Strikeouts,231,2023-06-17
730,Tommy Henry,CLE,2.5,Earned Runs Allowed,2,2023-06-17
731,Shane Bieber + Tommy Henry,ARI/CLE,0.5,1st Inning Runs Allowed,2,2023-06-17
732,Tommy Henry,CLE,1.5,Walks Allowed,2,2023-06-17
733,Jose Ramirez,ARI,8.5,Hitter Fantasy Score,2,2023-06-17
734,Shane Bieber,ARI 1+2 Innings,1.5,Pitcher Strikeouts,231,2023-06-17
735,Tommy Henry,CLE 1st Inning,15.5,Pitches Thrown,231,2023-06-17
736,Tommy Henry,CLE,3.0,Pitcher Strikeouts,2,2023-06-17
737,Corbin Carroll,CLE,7.5,Hitter Fantasy Score,2,2023-06-17
738,Amed Rosario,ARI,1.5,Total Bases,2,2023-06-17
739,Ketel Marte,CLE,6.5,Hitter Fantasy Score,2,2023-06-17
740,Geraldo Perdomo,CLE,0.5,Total Bases,2,2023-06-17
741,Jose Ramirez,ARI,1.5,Total Bases,2,2023-06-17
742,Christian Moore,LSU,1.5,Hits+Runs+RBIS,189,2023-06-17
743,Roenis Elias,Lotte Giants,6.0,Pitcher Strikeouts,135,2023-06-18
744,Charlie Barnes,SSG Landers,4.5,Pitcher Strikeouts,135,2023-06-18
745,Yong-jun Lee,Kia Tigers,3.0,Pitcher Strikeouts,135,2023-06-18
746,Jake McCarthy + Fernando Tatis Jr.,CLE/TB,0.5,Stolen Bases,2,2023-06-17
747,Hyeon Jong Yang,NC Dinos,4.0,Pitcher Strikeouts,135,2023-06-18
748,Adam Plutko,Doosan Bears,5.0,Pitcher Strikeouts,135,2023-06-18
749,Won-jun Jang,LG Twins,3.0,Pitcher Strikeouts,135,2023-06-18
750,Sang Back Um,Samsung Lions,4.0,Pitcher Strikeouts,135,2023-06-18
751,Ariel Jurado,Hanwha Eagles,5.5,Pitcher Strikeouts,135,2023-06-18
752,Dong-ju Moon,Kiwoom Heroes,4.0,Pitcher Strikeouts,135,2023-06-18
753,Roenis Elias,Lotte Giants,5.0,Hits Allowed,135,2023-06-18
754,Charlie Barnes,SSG Landers,5.5,Hits Allowed,135,2023-06-18
755,Yong-jun Lee,Kia Tigers,4.5,Hits Allowed,135,2023-06-18
756,Hyeon Jong Yang,NC Dinos,6.0,Hits Allowed,135,2023-06-18
757,Adam Plutko,Doosan Bears,5.0,Hits Allowed,135,2023-06-18
758,Won-jun Jang,LG Twins,4.5,Hits Allowed,135,2023-06-18
759,Sang Back Um,Samsung Lions,4.5,Hits Allowed,135,2023-06-18
760,Ariel Jurado,Hanwha Eagles,5.5,Hits Allowed,135,2023-06-18
761,Dong-ju Moon,Kiwoom Heroes,5.0,Hits Allowed,135,2023-06-18
762,Roenis Elias,Lotte Giants,18.5,Pitching Outs,135,2023-06-18
763,Charlie Barnes,SSG Landers,17.5,Pitching Outs,135,2023-06-18
764,Hyeon Jong Yang,NC Dinos,15.5,Pitching Outs,135,2023-06-18
765,Won-jun Jang,LG Twins,15.5,Pitching Outs,135,2023-06-18
766,Sang Back Um,Samsung Lions,15.5,Pitching Outs,135,2023-06-18
767,Dong-ju Moon,Kiwoom Heroes,15.5,Pitching Outs,135,2023-06-18
768,Guillermo Heredia,Lotte Giants,1.5,Total Bases,135,2023-06-18
769,Min-sik Kim,Lotte Giants,0.5,Total Bases,135,2023-06-18
770,An Chi-Hong,SSG Landers,1.5,Total Bases,135,2023-06-18
771,Kang-nam Yoo,SSG Landers,0.5,Total Bases,135,2023-06-18
772,Ah Seop Son,Kia Tigers,1.5,Total Bases,135,2023-06-18
773,Min Woo Park,Kia Tigers,1.5,Total Bases,135,2023-06-18
774,Socrates Brito,NC Dinos,1.5,Total Bases,135,2023-06-18
775,Choi Hyoung-woo,NC Dinos,1.5,Total Bases,135,2023-06-18
776,Austin Dean,Doosan Bears,1.5,Total Bases,135,2023-06-18
777,Moon Sung-Ju,Doosan Bears,1.5,Total Bases,135,2023-06-18
778,Yang Suk-Hwan,LG Twins,1.5,Total Bases,135,2023-06-18
779,Kang Seung-ho,LG Twins,0.5,Total Bases,135,2023-06-18
780,Anthony Alford,Samsung Lions,1.5,Total Bases,135,2023-06-18
781,Sang-su Kim,Samsung Lions,1.5,Total Bases,135,2023-06-18
782,Jose Pirela,KT Wiz,1.5,Total Bases,135,2023-06-18
783,Jae Il Oh,KT Wiz,0.5,Total Bases,135,2023-06-18
784,Kim Hye-Seong,Hanwha Eagles,1.5,Total Bases,135,2023-06-18
785,Addison Russell,Hanwha Eagles,1.5,Total Bases,135,2023-06-18
786,Roh Si-Hwan,Kiwoom Heroes,1.5,Total Bases,135,2023-06-18
787,Kim In-Hwan,Kiwoom Heroes,0.5,Total Bases,135,2023-06-18
788,Joo-hwan Choi,Lotte Giants,1.5,Hits+Runs+RBIS,135,2023-06-18
789,Jun Woo Jeon,SSG Landers,1.5,Hits+Runs+RBIS,135,2023-06-18
790,Ji-hyuk Ryu,NC Dinos,1.5,Hits+Runs+RBIS,135,2023-06-18
791,Kun Woo Park,Kia Tigers,2.0,Hits+Runs+RBIS,135,2023-06-18
792,Moon Bo-gyeong,Doosan Bears,1.5,Hits+Runs+RBIS,135,2023-06-18
793,Eui Ji Yang,LG Twins,1.5,Hits+Runs+RBIS,135,2023-06-18
794,Byung Ho Park,Samsung Lions,1.5,Hits+Runs+RBIS,135,2023-06-18
795,Min Ho Kang,KT Wiz,1.5,Hits+Runs+RBIS,135,2023-06-18
796,Jung Hoo Lee,Hanwha Eagles,1.5,Hits+Runs+RBIS,135,2023-06-18
797,Eun-seong Chae,Kiwoom Heroes,1.5,Hits+Runs+RBIS,135,2023-06-18
798,Burdol,KT (MAP 3 Kills),1.5,MAP 3 Kills,121,2023-06-18
799,Burdol,KT (MAPS 1-2 Kills),2.5,MAPS 1-2 Kills,121,2023-06-18
800,Willer,KT (MAP 3 Kills),1.5,MAP 3 Kills,121,2023-06-18
801,Willer,KT (MAPS 1-2 Kills),3.0,MAPS 1-2 Kills,121,2023-06-18
802,Clozer,KT (MAP 3 Kills),1.5,MAP 3 Kills,121,2023-06-18
803,Clozer,KT (MAPS 1-2 Kills),3.0,MAPS 1-2 Kills,121,2023-06-18
804,Teddy,KT (MAPS 1-2 Kills),4.5,MAPS 1-2 Kills,121,2023-06-18
805,Teddy,KT (MAP 3 Kills),2.5,MAP 3 Kills,121,2023-06-18
806,Kiin,LSB (MAPS 1-2 Kills),5.0,MAPS 1-2 Kills,121,2023-06-18
807,Kiin,LSB (MAP 3 Kills),2.5,MAP 3 Kills,121,2023-06-18
808,Cuzz,LSB (MAPS 1-2 Kills),5.5,MAPS 1-2 Kills,121,2023-06-18
809,Cuzz,LSB (MAP 3 Kills),2.5,MAP 3 Kills,121,2023-06-18
810,Bdd,LSB (MAP 3 Kills),2.5,MAP 3 Kills,121,2023-06-18
811,Bdd,LSB (MAPS 1-2 Kills),5.0,MAPS 1-2 Kills,121,2023-06-18
812,Aiming,LSB (MAP 3 Kills),4.5,MAP 3 Kills,121,2023-06-18
813,Aiming,LSB (MAPS 1-2 Kills),9.0,MAPS 1-2 Kills,121,2023-06-18
814,Invincible,TT (MAPS 1-2 Kills),4.5,MAPS 1-2 Kills,121,2023-06-18
815,Invincible,TT (MAP 3 Kills),2.5,MAP 3 Kills,121,2023-06-18
816,shad0w,TT (MAPS 1-2 Kills),5.0,MAPS 1-2 Kills,121,2023-06-18
817,shad0w,TT (MAP 3 Kills),2.5,MAP 3 Kills,121,2023-06-18
818,Angel,TT (MAPS 1-2 Kills),6.5,MAPS 1-2 Kills,121,2023-06-18
819,Angel,TT (MAP 3 Kills),3.5,MAP 3 Kills,121,2023-06-18
820,Photic,TT (MAP 3 Kills),4.5,MAP 3 Kills,121,2023-06-18
821,Photic,TT (MAPS 1-2 Kills),9.0,MAPS 1-2 Kills,121,2023-06-18
822,HOYA,NIP (MAP 3 Kills),1.5,MAP 3 Kills,121,2023-06-18
823,HOYA,NIP (MAPS 1-2 Kills),3.5,MAPS 1-2 Kills,121,2023-06-18
824,xiaohuangren,NIP (MAP 3 Kills),2.5,MAP 3 Kills,121,2023-06-18
825,xiaohuangren,NIP (MAPS 1-2 Kills),4.5,MAPS 1-2 Kills,121,2023-06-18
826,ucal,NIP (MAP 3 Kills),2.5,MAP 3 Kills,121,2023-06-18
827,ucal,NIP (MAPS 1-2 Kills),5.5,MAPS 1-2 Kills,121,2023-06-18
828,1xn,NIP (MAP 3 Kills),3.5,MAP 3 Kills,121,2023-06-18
829,1xn,NIP (MAPS 1-2 Kills),6.5,MAPS 1-2 Kills,121,2023-06-18
830,Kinatu,CGA (MAP 3 Kills),2.5,MAP 3 Kills,121,2023-06-18
831,Kinatu,CGA (MAPS 1-2 Kills),5.0,MAPS 1-2 Kills,121,2023-06-18
832,Blank,CGA (MAPS 1-2 Kills),6.5,MAPS 1-2 Kills,121,2023-06-18
833,Blank,CGA (MAP 3 Kills),3.0,MAP 3 Kills,121,2023-06-18
834,Dasher,CGA (MAPS 1-2 Kills),8.5,MAPS 1-2 Kills,121,2023-06-18
835,Dasher,CGA (MAP 3 Kills),4.0,MAP 3 Kills,121,2023-06-18
836,Marble,CGA (MAPS 1-2 Kills),9.5,MAPS 1-2 Kills,121,2023-06-18
837,Marble,CGA (MAP 3 Kills),4.5,MAP 3 Kills,121,2023-06-18
838,Nap,SHG (MAPS 1-2 Kills),2.0,MAPS 1-2 Kills,121,2023-06-18
839,Nap,SHG (MAP 3 Kills),1.5,MAP 3 Kills,121,2023-06-18
840,Cassin,SHG (MAP 3 Kills),1.5,MAP 3 Kills,121,2023-06-18
841,Cassin,SHG (MAPS 1-2 Kills),2.5,MAPS 1-2 Kills,121,2023-06-18
842,Eugeo,SHG (MAP 3 Kills),1.5,MAP 3 Kills,121,2023-06-18
843,Eugeo,SHG (MAPS 1-2 Kills),3.0,MAPS 1-2 Kills,121,2023-06-18
844,Honey,SHG (MAP 3 Kills),2.5,MAP 3 Kills,121,2023-06-18
845,Honey,SHG (MAPS 1-2 Kills),5.0,MAPS 1-2 Kills,121,2023-06-18
846,DnDn,DK (MAPS 1-2 Kills),2.0,MAPS 1-2 Kills,121,2023-06-18
847,DnDn,DK (MAP 3 Kills),1.0,MAP 3 Kills,121,2023-06-18
848,Sylvie,DK (MAPS 1-2 Kills),2.5,MAPS 1-2 Kills,121,2023-06-18
849,Sylvie,DK (MAP 3 Kills),1.5,MAP 3 Kills,121,2023-06-18
850,Quad,DK (MAP 3 Kills),1.5,MAP 3 Kills,121,2023-06-18
851,Quad,DK (MAPS 1-2 Kills),2.5,MAPS 1-2 Kills,121,2023-06-18
852,vital,DK (MAPS 1-2 Kills),4.0,MAPS 1-2 Kills,121,2023-06-18
853,vital,DK (MAP 3 Kills),2.0,MAP 3 Kills,121,2023-06-18
854,Canna,NS (MAP 3 Kills),2.0,MAP 3 Kills,121,2023-06-18
855,Canna,NS (MAPS 1-2 Kills),4.0,MAPS 1-2 Kills,121,2023-06-18
856,Canyon,NS (MAP 3 Kills),3.0,MAP 3 Kills,121,2023-06-18
857,Canyon,NS (MAPS 1-2 Kills),6.0,MAPS 1-2 Kills,121,2023-06-18
858,ShowMaker,NS (MAP 3 Kills),3.5,MAP 3 Kills,121,2023-06-18
859,ShowMaker,NS (MAPS 1-2 Kills),6.5,MAPS 1-2 Kills,121,2023-06-18
860,Rahel,NS (MAPS 1-2 Kills),10.0,MAPS 1-2 Kills,121,2023-06-18
861,Rahel,NS (MAP 3 Kills),4.5,MAP 3 Kills,121,2023-06-18
862,Wayward,RNG (MAPS 1-2 Kills),4.5,MAPS 1-2 Kills,121,2023-06-18
863,Wayward,RNG (MAP 3 Kills),2.0,MAP 3 Kills,121,2023-06-18
864,Tian,RNG (MAP 3 Kills),3.0,MAP 3 Kills,121,2023-06-18
865,Tian,RNG (MAPS 1-2 Kills),5.5,MAPS 1-2 Kills,121,2023-06-18
866,Rookie,RNG (MAP 3 Kills),4.0,MAP 3 Kills,121,2023-06-18
867,Rookie,RNG (MAPS 1-2 Kills),8.5,MAPS 1-2 Kills,121,2023-06-18
868,JackeyLove,RNG (MAP 3 Kills),5.0,MAP 3 Kills,121,2023-06-18
869,JackeyLove,RNG (MAPS 1-2 Kills),10.0,MAPS 1-2 Kills,121,2023-06-18
870,Breathe,TES (MAP 3 Kills),2.0,MAP 3 Kills,121,2023-06-18
871,Breathe,TES (MAPS 1-2 Kills),3.5,MAPS 1-2 Kills,121,2023-06-18
872,Wei,TES (MAP 3 Kills),2.0,MAP 3 Kills,121,2023-06-18
873,Wei,TES (MAPS 1-2 Kills),4.0,MAPS 1-2 Kills,121,2023-06-18
874,Tangyuan,TES (MAP 3 Kills),2.0,MAP 3 Kills,121,2023-06-18
875,Tangyuan,TES (MAPS 1-2 Kills),4.5,MAPS 1-2 Kills,121,2023-06-18
876,LP,TES (MAPS 1-2 Kills),7.0,MAPS 1-2 Kills,121,2023-06-18
877,LP,TES (MAP 3 Kills),3.5,MAP 3 Kills,121,2023-06-18
878,369,BLG (MAP 3 Kills),2.0,MAP 3 Kills,121,2023-06-18
879,369,BLG (MAPS 1-2 Kills),4.0,MAPS 1-2 Kills,121,2023-06-18
880,Kanavi,BLG (MAPS 1-2 Kills),7.5,MAPS 1-2 Kills,121,2023-06-18
881,Kanavi,BLG (MAP 3 Kills),3.5,MAP 3 Kills,121,2023-06-18
882,knight,BLG (MAPS 1-2 Kills),8.0,MAPS 1-2 Kills,121,2023-06-18
883,knight,BLG (MAP 3 Kills),4.0,MAP 3 Kills,121,2023-06-18
884,Ruler,BLG (MAP 3 Kills),4.5,MAP 3 Kills,121,2023-06-18
885,Ruler,BLG (MAPS 1-2 Kills),9.0,MAPS 1-2 Kills,121,2023-06-18
886,Bin,JDG (MAP 3 Kills),1.5,MAP 3 Kills,121,2023-06-18
887,Bin,JDG (MAPS 1-2 Kills),3.5,MAPS 1-2 Kills,121,2023-06-18
888,Xun,JDG (MAPS 1-2 Kills),6.0,MAPS 1-2 Kills,121,2023-06-18
889,Xun,JDG (MAP 3 Kills),3.0,MAP 3 Kills,121,2023-06-18
890,Yagao,JDG (MAPS 1-2 Kills),4.5,MAPS 1-2 Kills,121,2023-06-18
891,Yagao,JDG (MAP 3 Kills),2.5,MAP 3 Kills,121,2023-06-18
892,Elk,JDG (MAP 3 Kills),3.5,MAP 3 Kills,121,2023-06-18
893,Elk,JDG (MAPS 1-2 Kills),7.0,MAPS 1-2 Kills,121,2023-06-18
894,eguto,FL (MAP 3 Kills),2.5,MAP 3 Kills,121,2023-06-18
895,eguto,FL (MAPS 1-2 Kills),4.5,MAPS 1-2 Kills,121,2023-06-18
896,Nesty,FL (MAP 3 Kills),2.5,MAP 3 Kills,121,2023-06-18
897,Nesty,FL (MAPS 1-2 Kills),5.0,MAPS 1-2 Kills,121,2023-06-18
898,Jett,FL (MAP 3 Kills),4.0,MAP 3 Kills,121,2023-06-18
899,Jett,FL (MAPS 1-2 Kills),8.0,MAPS 1-2 Kills,121,2023-06-18
900,LokeN,FL (MAP 3 Kills),5.0,MAP 3 Kills,121,2023-06-18
901,LokeN,FL (MAPS 1-2 Kills),10.0,MAPS 1-2 Kills,121,2023-06-18
902,TaNa,SG (MAP 3 Kills),2.5,MAP 3 Kills,121,2023-06-18
903,TaNa,SG (MAPS 1-2 Kills),4.5,MAPS 1-2 Kills,121,2023-06-18
904,hachamecha,SG (MAP 3 Kills),1.5,MAP 3 Kills,121,2023-06-18
905,hachamecha,SG (MAPS 1-2 Kills),3.0,MAPS 1-2 Kills,121,2023-06-18
906,Recap,SG (MAPS 1-2 Kills),4.0,MAPS 1-2 Kills,121,2023-06-18
907,Recap,SG (MAP 3 Kills),2.0,MAP 3 Kills,121,2023-06-18
908,Ssol,SG (MAP 3 Kills),3.0,MAP 3 Kills,121,2023-06-18
909,Ssol,SG (MAPS 1-2 Kills),6.5,MAPS 1-2 Kills,121,2023-06-18
910,Rickie Fowler,North Course RD 3,34.5,Hole 1 thru 9 Shots,1,2023-06-17
911,Rory McIlroy,North Course RD 3,34.0,Hole 1 thru 9 Shots,1,2023-06-17
912,Zzk,KBM (MAP 1 Kills),2.5,MAP 1 Kills,121,2023-06-18
913,Xander Schauffele,North Course RD 3,34.0,Hole 1 thru 9 Shots,1,2023-06-17
914,Yampi,KBM (MAP 1 Kills),3.0,MAP 1 Kills,121,2023-06-18
915,Scottie Scheffler,North Course RD 3,34.0,Hole 1 thru 9 Shots,1,2023-06-17
916,Dustin Johnson,North Course RD 3,34.0,Hole 1 thru 9 Shots,1,2023-06-17
917,NOsFerus,KBM (MAP 1 Kills),4.0,MAP 1 Kills,121,2023-06-18
918,Cameron Smith,North Course RD 3,34.0,Hole 1 thru 9 Shots,1,2023-06-17
919,Rory McIlroy,North Course RD 3,3.5,Hole 6 Shots,1,2023-06-17
920,NinjaKiwi,KBM (MAP 1 Kills),4.5,MAP 1 Kills,121,2023-06-18
921,Scottie Scheffler,North Course RD 3,3.5,Hole 6 Shots,1,2023-06-17
922,Xander Schauffele,North Course RD 3,3.5,Hole 6 Shots,1,2023-06-17
923,Lonely,ITZ (MAP 1 Kills),3.0,MAP 1 Kills,121,2023-06-18
924,Dustin Johnson,North Course RD 3,3.5,Hole 6 Shots,1,2023-06-17
925,Flawless,ITZ (MAP 1 Kills),3.0,MAP 1 Kills,121,2023-06-18
926,Krastyel,ITZ (MAP 1 Kills),3.5,MAP 1 Kills,121,2023-06-18
927,RAV3N,ITZ (MAP 1 Kills),4.5,MAP 1 Kills,121,2023-06-18
928,Photon,SK (MAP 1 Kills),3.0,MAP 1 Kills,121,2023-06-18
929,Bo,SK (MAP 1 Kills),3.5,MAP 1 Kills,121,2023-06-18
930,Perkz,SK (MAP 1 Kills),3.0,MAP 1 Kills,121,2023-06-18
931,Upset,SK (MAP 1 Kills),4.5,MAP 1 Kills,121,2023-06-18
932,Irrelevant,VIT (MAP 1 Kills),2.0,MAP 1 Kills,121,2023-06-18
933,Markoon,VIT (MAP 1 Kills),2.5,MAP 1 Kills,121,2023-06-18
934,Sertuss,VIT (MAP 1 Kills),3.0,MAP 1 Kills,121,2023-06-18
935,Exakick,VIT (MAP 1 Kills),3.0,MAP 1 Kills,121,2023-06-18
936,Wizer,VKS (MAP 1 Kills),3.5,MAP 1 Kills,121,2023-06-18
937,CarioK,VKS (MAP 1 Kills),2.0,MAP 1 Kills,121,2023-06-18
938,dyNquedo,VKS (MAP 1 Kills),4.0,MAP 1 Kills,121,2023-06-18
939,Bvoy,VKS (MAP 1 Kills),5.0,MAP 1 Kills,121,2023-06-18
940,GUIGO,PNG (MAP 1 Kills),2.5,MAP 1 Kills,121,2023-06-18
941,Grell,PNG (MAP 1 Kills),2.5,MAP 1 Kills,121,2023-06-18
942,Grevthar,PNG (MAP 1 Kills),2.5,MAP 1 Kills,121,2023-06-18
943,Trigo,PNG (MAP 1 Kills),3.5,MAP 1 Kills,121,2023-06-18
944,Oscarinin,XL (MAP 1 Kills),3.0,MAP 1 Kills,121,2023-06-18
945,Razork,XL (MAP 1 Kills),3.0,MAP 1 Kills,121,2023-06-18
946,Humanoid,XL (MAP 1 Kills),3.5,MAP 1 Kills,121,2023-06-18
947,Noah,XL (MAP 1 Kills),5.0,MAP 1 Kills,121,2023-06-18
948,Odoamne,FNC (MAP 1 Kills),2.0,MAP 1 Kills,121,2023-06-18
949,Peach,FNC (MAP 1 Kills),2.5,MAP 1 Kills,121,2023-06-18
950,Abbedagge,FNC (MAP 1 Kills),3.0,MAP 1 Kills,121,2023-06-18
951,Patrik,FNC (MAP 1 Kills),3.5,MAP 1 Kills,121,2023-06-18
952,fNb,FX (MAP 1 Kills),3.0,MAP 1 Kills,121,2023-06-18
953,Aegis,FX (MAP 1 Kills),2.5,MAP 1 Kills,121,2023-06-18
954,Envy,FX (MAP 1 Kills),3.5,MAP 1 Kills,121,2023-06-18
955,TitaN,FX (MAP 1 Kills),5.0,MAP 1 Kills,121,2023-06-18
956,Tay,RED (MAP 1 Kills),2.5,MAP 1 Kills,121,2023-06-18
957,Disamis,RED (MAP 1 Kills),2.5,MAP 1 Kills,121,2023-06-18
958,Hauz,RED (MAP 1 Kills),4.0,MAP 1 Kills,121,2023-06-18
959,Brance,RED (MAP 1 Kills),4.0,MAP 1 Kills,121,2023-06-18
960,Chasy,G2 (MAP 1 Kills),2.5,MAP 1 Kills,121,2023-06-18
961,Elyoya,G2 (MAP 1 Kills),2.5,MAP 1 Kills,121,2023-06-18
962,Nisqy,G2 (MAP 1 Kills),2.5,MAP 1 Kills,121,2023-06-18
963,Carzzy,G2 (MAP 1 Kills),4.0,MAP 1 Kills,121,2023-06-18
964,BrokenBlade,MAD (MAP 1 Kills),3.5,MAP 1 Kills,121,2023-06-18
965,Yike,MAD (MAP 1 Kills),3.5,MAP 1 Kills,121,2023-06-18
966,Caps,MAD (MAP 1 Kills),3.0,MAP 1 Kills,121,2023-06-18
967,Hans sama,MAD (MAP 1 Kills),4.0,MAP 1 Kills,121,2023-06-18
968,Boal,FUR (MAP 1 Kills),2.0,MAP 1 Kills,121,2023-06-18
969,Trick,FUR (MAP 1 Kills),2.5,MAP 1 Kills,121,2023-06-18
970,Lava,FUR (MAP 1 Kills),3.0,MAP 1 Kills,121,2023-06-18
971,Netuno,FUR (MAP 1 Kills),5.5,MAP 1 Kills,121,2023-06-18
972,Betao,LOS (MAP 1 Kills),2.5,MAP 1 Kills,121,2023-06-18
973,Goot,LOS (MAP 1 Kills),2.5,MAP 1 Kills,121,2023-06-18
974,Tutsz,LOS (MAP 1 Kills),2.5,MAP 1 Kills,121,2023-06-18
975,Ayu,LOS (MAP 1 Kills),3.5,MAP 1 Kills,121,2023-06-18
976,Adam,KOI (MAP 1 Kills),2.5,MAP 1 Kills,121,2023-06-18
977,Sheo,KOI (MAP 1 Kills),2.5,MAP 1 Kills,121,2023-06-18
978,nuc,KOI (MAP 1 Kills),4.0,MAP 1 Kills,121,2023-06-18
979,Crownie,KOI (MAP 1 Kills),4.5,MAP 1 Kills,121,2023-06-18
980,Szygenda,BDS (MAP 1 Kills),2.0,MAP 1 Kills,121,2023-06-18
981,Malrang,BDS (MAP 1 Kills),2.0,MAP 1 Kills,121,2023-06-18
982,Larssen,BDS (MAP 1 Kills),3.5,MAP 1 Kills,121,2023-06-18
983,Comp,BDS (MAP 1 Kills),3.5,MAP 1 Kills,121,2023-06-18
984,Kiari,LLL (MAP 1 Kills),2.0,MAP 1 Kills,121,2023-06-18
985,Accez,LLL (MAP 1 Kills),1.5,MAP 1 Kills,121,2023-06-18
986,Avenger,LLL (MAP 1 Kills),2.5,MAP 1 Kills,121,2023-06-18
987,Juliera,LLL (MAP 1 Kills),2.5,MAP 1 Kills,121,2023-06-18
988,Robo,LBR (MAP 1 Kills),3.5,MAP 1 Kills,121,2023-06-18
989,Croc,LBR (MAP 1 Kills),3.5,MAP 1 Kills,121,2023-06-18
990,tinowns,LBR (MAP 1 Kills),3.5,MAP 1 Kills,121,2023-06-18
991,Route,LBR (MAP 1 Kills),6.0,MAP 1 Kills,121,2023-06-18
992,Finn,TH (MAP 1 Kills),2.5,MAP 1 Kills,121,2023-06-18
993,113,TH (MAP 1 Kills),2.0,MAP 1 Kills,121,2023-06-18
994,LIDER,TH (MAP 1 Kills),4.0,MAP 1 Kills,121,2023-06-18
995,Kobbe,TH (MAP 1 Kills),4.0,MAP 1 Kills,121,2023-06-18
996,Evi,AST (MAP 1 Kills),3.0,MAP 1 Kills,121,2023-06-18
997,Jankos,AST (MAP 1 Kills),3.5,MAP 1 Kills,121,2023-06-18
998,Vetheo,AST (MAP 1 Kills),3.5,MAP 1 Kills,121,2023-06-18
