,player,team,line,stat,league,date,time
0,Adin Hill,SEA,26.5,Goalie Saves,8,2023-10-10,2023-10-10 15:57:00
1,Davi Bittencourt (DWCS),Lucas Rocha,11.5,Fight Time (Mins),12,2023-10-10,2023-10-10 15:57:00
2,Lebron James,2023-2024 Season,4.5,Triple-Doubles,173,2023-10-24,2023-10-10 15:57:00
3,Breanna Stewart,LVA,9.0,TRB,3,2023-10-11,2023-10-10 15:57:00
4,Breanna Stewart,LVA,21.0,PTS,3,2023-10-11,2023-10-10 15:57:00
5,Lebron James,2023-2024 Season,0.5,50+ Point Games,173,2023-10-24,2023-10-10 15:57:00
6,Nikita Kucherov,2023-2024 Season,34.5,Goals,236,2023-10-10,2023-10-10 15:57:00
7,Nicolas Jarry,D. Schwartzman (Shanghai),8.5,Aces,5,2023-10-11,2023-10-10 15:57:00
8,Breanna Stewart,LVA 1st Half,10.5,PTS,193,2023-10-11,2023-10-10 15:57:00
9,Nicolas Jarry,D. Schwartzman (Shanghai),22.5,Total Games,5,2023-10-11,2023-10-10 15:57:00
10,Nicholas Vattiato,LT,1.5,Pass TDs,15,2023-10-10,2023-10-10 15:57:00
11,Nicholas Vattiato,LT,270.5,Pass Yards,15,2023-10-10,2023-10-10 15:57:00
12,Lebron James,2023-2024 Season,6.8,Assists Per Game AVG,173,2023-10-24,2023-10-10 15:57:00
13,Lebron James,2023-2024 Season,1.5,Technical Fouls,173,2023-10-24,2023-10-10 15:57:00
14,Lebron James,2023-2024 Season,7.9,Rebounds Per Game AVG,173,2023-10-24,2023-10-10 15:57:00
15,Juuse Saros,2023-2024 Season,28.5,Goalie Wins,236,2023-10-10,2023-10-10 15:57:00
16,Cristian Javier,MIN 4th Inning,16.5,Pitches Thrown,231,2023-10-10,2023-10-10 15:57:00
17,Lebron James,2023-2024 Season,2.3,3PT Made Per Game AVG,173,2023-10-24,2023-10-10 15:57:00
18,Connor Bedard + Corey Seager,PIT/BAL (GM 3),5.0,Shots On Goal + Total Bases,266,2023-10-10,2023-10-10 15:57:00
19,Jamal Murray	,2023-2024 Season,4.5,Double-Doubles,173,2023-10-24,2023-10-10 15:57:00
20,Lebron James,2023-2024 Season,27.1,Points Per Game AVG,173,2023-10-24,2023-10-10 15:57:00
21,Nicolas Jarry,D. Schwartzman (Shanghai),3.0,Break Points Won,5,2023-10-11,2023-10-10 15:57:00
22,Davi Bittencourt (DWCS),Lucas Rocha,2.0,Takedowns,12,2023-10-10,2023-10-10 15:57:00
23,Davi Bittencourt (DWCS),Lucas Rocha,35.5,Significant Strikes,12,2023-10-10,2023-10-10 15:57:00
24,Austin Reaves ,2023-2024 Season,1.5,Double-Doubles,173,2023-10-24,2023-10-10 15:57:00
25,Brayden Point,2023-2024 Season,38.5,Goals,236,2023-10-10,2023-10-10 15:57:00
26,Nikola Jokic,2023-2024 Season,0.5,50+ Point Games,173,2023-10-24,2023-10-10 15:57:00
27,Dean Kremer + Jonathan Marchessault,TEX (GM 3)/SEA,6.5,Strikeouts + Shots On Goal,266,2023-10-10,2023-10-10 15:57:00
28,A'ja Wilson,NYL,22.0,PTS,3,2023-10-11,2023-10-10 15:57:00
29,Issa Isakov (DWCS),Marquel Mederos,10.0,Fight Time (Mins),12,2023-10-10,2023-10-10 15:57:00
30,A'ja Wilson,NYL,9.0,TRB,3,2023-10-11,2023-10-10 15:57:00
31,A'ja Wilson,NYL 1st Half,11.0,PTS,193,2023-10-11,2023-10-10 15:57:00
32,Issa Isakov (DWCS),Marquel Mederos,32.5,Significant Strikes,12,2023-10-10,2023-10-10 15:57:00
33,Ugo Humbert,J. Wolf (Shanghai),7.5,Aces,5,2023-10-11,2023-10-10 15:57:00
34,Nikola Jokic,2023-2024 Season,25.6,Points Per Game AVG,173,2023-10-24,2023-10-10 15:57:00
35,Ugo Humbert,J. Wolf (Shanghai),22.5,Total Games,5,2023-10-11,2023-10-10 15:57:00
36,Nikola Jokic,2023-2024 Season,11.9,Rebounds Per Game AVG,173,2023-10-24,2023-10-10 15:57:00
37,Nikola Jokic,2023-2024 Season,9.4,Assists Per Game AVG,173,2023-10-24,2023-10-10 15:57:00
38,Jack Turner,MTS,231.5,Pass Yards,15,2023-10-10,2023-10-10 15:57:00
39,Ugo Humbert,J. Wolf (Shanghai),2.0,Break Points Won,5,2023-10-11,2023-10-10 15:57:00
40,Corey Seager + Adolis Garcia + Adley Rutschman,BAL/BAL/TEX,0.5,Home Runs (Combo),2,2023-10-10,2023-10-10 15:57:00
41,Nikola Jokic,2023-2024 Season,5.5,Technical Fouls,173,2023-10-24,2023-10-10 15:57:00
42,Nikola Jokic,2023-2024 Season,16.5,30+ Point Games,173,2023-10-24,2023-10-10 15:57:00
43,Sonny Gray,HOU 4th Inning,15.5,Pitches Thrown,231,2023-10-10,2023-10-10 15:57:00
44,Nikola Jokic,2023-2024 Season,24.5,Triple-Doubles,173,2023-10-24,2023-10-10 15:57:00
45,Sabrina Ionescu,LVA,4.5,AST,3,2023-10-11,2023-10-10 15:57:00
46,Aaron Gordon ,2023-2024 Season,6.5,Technical Fouls,173,2023-10-24,2023-10-10 15:57:00
47,Tyre Shelton,MTS,85.5,Rush Yards,15,2023-10-10,2023-10-10 15:57:00
48,Carlos Alcaraz,G. Dimitrov (Shanghai),3.0,Aces,5,2023-10-11,2023-10-10 15:57:00
49,Anthony Davis,2023-2024 Season,0.5,50+ Point Games,173,2023-10-24,2023-10-10 15:57:00
50,Torrez Finney (DWCS),Yuri Panferov,24.5,Significant Strikes,12,2023-10-10,2023-10-10 15:57:00
51,Sabrina Ionescu,LVA,16.0,PTS,3,2023-10-11,2023-10-10 15:57:00
52,Sabrina Ionescu,LVA,4.5,TRB,3,2023-10-11,2023-10-10 15:57:00
53,Dean Kremer,TEX,3.5,Pitcher Strikeouts,2,2023-10-10,2023-10-10 15:57:00
54,Torrez Finney (DWCS),Yuri Panferov,6.5,Fight Time (Mins),12,2023-10-10,2023-10-10 15:57:00
55,Dean Kremer,TEX,11.5,Pitching Outs,2,2023-10-10,2023-10-10 15:57:00
56,Anthony Davis,2023-2024 Season,25.5,Points Per Game AVG,173,2023-10-24,2023-10-10 15:57:00
57,Steven Stamkos,2023-2024 Season,33.5,Goals,236,2023-10-10,2023-10-10 15:57:00
58,Dean Kremer,TEX,3.5,Hits Allowed,2,2023-10-10,2023-10-10 15:57:00
59,Carlos Alcaraz,G. Dimitrov (Shanghai),21.5,Total Games,5,2023-10-11,2023-10-10 15:57:00
60,Carlos Alcaraz,G. Dimitrov (Shanghai),3.0,Break Points Won,5,2023-10-11,2023-10-10 15:57:00
61,Sabrina Ionescu,LVA 1st Half,8.0,PTS,193,2023-10-11,2023-10-10 15:57:00
62,Anthony Davis,2023-2024 Season,17.5,30+ Point Games,173,2023-10-24,2023-10-10 15:57:00
63,Aaron Gordon ,2023-2024 Season,1.5,30+ Point Games,173,2023-10-24,2023-10-10 15:57:00
64,Anthony Davis,2023-2024 Season,11.7,Rebounds Per Game AVG,173,2023-10-24,2023-10-10 15:57:00
65,Nathan Eovaldi,BAL,4.5,Hits Allowed,2,2023-10-10,2023-10-10 15:57:00
66,Nathan Eovaldi,BAL,24.5,Pitcher Fantasy Score,2,2023-10-10,2023-10-10 15:57:00
67,Andrey Rublev,T. Paul (Shanghai),6.0,Aces,5,2023-10-11,2023-10-10 15:57:00
68,Kelsey Plum,NYL 1st Half,9.5,PTS,193,2023-10-11,2023-10-10 15:57:00
69,Jair Farias	 (DWCS),Connor Matthews,35.5,Significant Strikes,12,2023-10-10,2023-10-10 15:57:00
70,Jair Farias	 (DWCS),Connor Matthews,7.5,Fight Time (Mins),12,2023-10-10,2023-10-10 15:57:00
71,Marcelo Weigandt,Belgrano,1.5,Tackles,82,2023-10-10,2023-10-10 15:57:00
72,Ulises Sanchez,Boca Juniors,1.5,Shots Assisted,82,2023-10-10,2023-10-10 15:57:00
73,Santiago Longo,Boca Juniors,3.0,Tackles,82,2023-10-10,2023-10-10 15:57:00
74,Ulises Sanchez,Boca Juniors,1.5,Shots,82,2023-10-10,2023-10-10 15:57:00
75,Matias Marin,Boca Juniors,1.5,Shots,82,2023-10-10,2023-10-10 15:57:00
76,Lucas Passerini,Boca Juniors,2.0,Shots,82,2023-10-10,2023-10-10 15:57:00
77,Juan Ramirez,Belgrano,0.5,Shots Assisted,82,2023-10-10,2023-10-10 15:57:00
78,Dario Benedetto,Belgrano,1.5,Shots,82,2023-10-10,2023-10-10 15:57:00
79,Lucas Janson,Belgrano,1.5,Shots,82,2023-10-10,2023-10-10 15:57:00
80,Sergio Romero,Belgrano,3.0,Goalie Saves,82,2023-10-10,2023-10-10 15:57:00
81,Nathan Eovaldi,BAL,4.5,Pitcher Strikeouts,2,2023-10-10,2023-10-10 15:57:00
82,Andrey Rublev,T. Paul (Shanghai),3.0,Break Points Won,5,2023-10-11,2023-10-10 15:57:00
83,Nicolas Valentini,Belgrano,3.5,Clearances,82,2023-10-10,2023-10-10 15:57:00
84,Bruno Valdez,Belgrano,59.5,Passes Attempted,82,2023-10-10,2023-10-10 15:57:00
85,Nahuel Losada,Boca Juniors,2.5,Goalie Saves,82,2023-10-10,2023-10-10 15:57:00
86,Santiago Longo,Boca Juniors,40.5,Passes Attempted,82,2023-10-10,2023-10-10 15:57:00
87,Alejandro Rebola,Boca Juniors,4.0,Clearances,82,2023-10-10,2023-10-10 15:57:00
88,Sidney Crosby,2023-2024 Season,31.5,Goals,236,2023-10-10,2023-10-10 15:57:00
89,Kelsey Plum,NYL,4.0,AST,3,2023-10-11,2023-10-10 15:57:00
90,Juan Barinaga,Boca Juniors,2.5,Tackles,82,2023-10-10,2023-10-10 15:57:00
91,Jorman Campuzano,Belgrano,2.0,Tackles,82,2023-10-10,2023-10-10 15:57:00
92,Kelsey Plum,NYL,19.0,PTS,3,2023-10-11,2023-10-10 15:57:00
93,Andrey Rublev,T. Paul (Shanghai),22.5,Total Games,5,2023-10-11,2023-10-10 15:57:00
94,Nathan Eovaldi,BAL,1.5,Walks Allowed,2,2023-10-10,2023-10-10 15:57:00
95,Courtney Vandersloot,LVA 1st Half,4.5,PTS,193,2023-10-11,2023-10-10 15:57:00
96,Stephen Curry,2023-2024 Season,6.0,Assists Per Game AVG,173,2023-10-24,2023-10-10 15:57:00
97,Andre Lima (DWCS),Rickson Thai Zenidim,10.0,Fight Time (Mins),12,2023-10-10,2023-10-10 15:57:00
98,Stephen Curry,2023-2024 Season,1.5,50+ Point Games,173,2023-10-24,2023-10-10 15:57:00
99,Connor Bedard,2023-2024 Season,30.5,Goals,236,2023-10-10,2023-10-10 15:57:00
100,Stephen Curry,2023-2024 Season,28.9,Points Per Game AVG,173,2023-10-24,2023-10-10 15:57:00
101,Courtney Vandersloot,LVA,6.5,AST,3,2023-10-11,2023-10-10 15:57:00
102,Holden Willis,LT,60.5,Receiving Yards,15,2023-10-10,2023-10-10 15:57:00
103,Travis Kelce,DEN,0.5,Pass+Rush+Rec TDs,9,2023-10-12,2023-10-10 15:57:00
104,Stephen Curry,2023-2024 Season,4.8,3PT Made Per Game AVG,173,2023-10-24,2023-10-10 15:57:00
105,Damian Lillard,2023-2024 Season,27.2,Points Per Game AVG,173,2023-10-24,2023-10-10 15:57:00
106,Andre Lima (DWCS),Rickson Thai Zenidim,45.5,Significant Strikes,12,2023-10-10,2023-10-10 15:57:00
107,Claire Liu,A. Rus (Seoul),2.5,Aces,5,2023-10-10,2023-10-10 15:57:00
108,Claire Liu,A. Rus (Seoul),21.5,Total Games,5,2023-10-10,2023-10-10 15:57:00
109,Stephen Curry,2023-2024 Season,0.5,Triple-Doubles,173,2023-10-24,2023-10-10 15:57:00
110,Courtney Vandersloot,LVA,9.5,PTS,3,2023-10-11,2023-10-10 15:57:00
111,Claire Liu,A. Rus (Seoul),4.0,Break Points Won,5,2023-10-10,2023-10-10 15:57:00
112,Stephen Curry,2023-2024 Season,9.5,Double-Doubles,173,2023-10-24,2023-10-10 15:57:00
113,Kevin Durant,2023-2024 Season,26.7,Points Per Game AVG,173,2023-10-24,2023-10-10 15:57:00
114,Chelsea Gray,NYL,7.5,AST,3,2023-10-11,2023-10-10 15:57:00
115,Isiah Pacheco,DEN,0.5,Pass+Rush+Rec TDs,9,2023-10-12,2023-10-10 15:57:00
116,Chelsea Gray,NYL,5.0,TRB,3,2023-10-11,2023-10-10 15:57:00
117,Chelsea Gray,NYL,17.0,PTS,3,2023-10-11,2023-10-10 15:57:00
118,Chelsea Gray,NYL 1st Half,8.5,PTS,193,2023-10-11,2023-10-10 15:57:00
119,Smoke Harris,MTS,67.5,Receiving Yards,15,2023-10-10,2023-10-10 15:57:00
120,Kevin Durant,2023-2024 Season,0.5,50+ Point Games,173,2023-10-24,2023-10-10 15:57:00
121,Kevin Durant,2023-2024 Season,1.5,Triple-Doubles,173,2023-10-24,2023-10-10 15:57:00
122,Kevin Durant,2023-2024 Season,17.5,30+ Point Games,173,2023-10-24,2023-10-10 15:57:00
123,Kevin Durant,2023-2024 Season,10.5,Technical Fouls,173,2023-10-24,2023-10-10 15:57:00
124,Cortavious Romious (DWCS),Ramon Taveras,34.5,Significant Strikes,12,2023-10-10,2023-10-10 15:57:00
125,Cortavious Romious (DWCS),Ramon Taveras,7.5,Fight Time (Mins),12,2023-10-10,2023-10-10 15:57:00
126,Cortavious Romious (DWCS),Ramon Taveras,1.5,Takedowns,12,2023-10-10,2023-10-10 15:57:00
127,Polina Kudermetova,K. von Deichmann (Seoul),2.0,Aces,5,2023-10-11,2023-10-10 15:57:00
128,Polina Kudermetova,K. von Deichmann (Seoul),21.5,Total Games,5,2023-10-11,2023-10-10 15:57:00
129,Polina Kudermetova,K. von Deichmann (Seoul),5.0,Break Points Won,5,2023-10-11,2023-10-10 15:57:00
130,Rodri,Scotland,102.5,Passes Attempted,82,2023-10-12,2023-10-10 15:57:00
131,Ansu Fati,Scotland,2.5,Shots,82,2023-10-12,2023-10-10 15:57:00
132,Jonquel Jones,LVA,15.5,PTS,3,2023-10-11,2023-10-10 15:57:00
133,Klay Thompson,2023-2024 Season,1.5,Technical Fouls,173,2023-10-24,2023-10-10 15:57:00
134,Klay Thompson,2023-2024 Season,21.1,Points Per Game AVG,173,2023-10-24,2023-10-10 15:57:00
135,Auston Matthews,2023-2024 Season,51.5,Goals,236,2023-10-11,2023-10-10 15:57:00
136,Ekaterina Alexandrova,Y. Wickmayer (Seoul),21.0,Total Games,5,2023-10-11,2023-10-10 15:57:00
137,Klay Thompson,2023-2024 Season,0.5,Double-Doubles,173,2023-10-24,2023-10-10 15:57:00
138,Aaron Nola,ATL,5.0,Pitcher Strikeouts,2,2023-10-11,2023-10-10 15:57:00
139,Jonquel Jones,LVA,11.5,TRB,3,2023-10-11,2023-10-10 15:57:00
140,Aaron Nola,ATL,24.5,Pitcher Fantasy Score,2,2023-10-11,2023-10-10 15:57:00
141,Aaron Nola,ATL,4.5,Hits Allowed,2,2023-10-11,2023-10-10 15:57:00
142,Angus Gunn,Spain,4.0,Goalie Saves,82,2023-10-12,2023-10-10 15:57:00
143,Ekaterina Alexandrova,Y. Wickmayer (Seoul),4.5,Break Points Won,5,2023-10-11,2023-10-10 15:57:00
144,Unai Simon,Scotland,2.0,Goalie Saves,82,2023-10-12,2023-10-10 15:57:00
145,Oihan Sancet,Scotland,1.5,Shots,82,2023-10-12,2023-10-10 15:57:00
146,Mikel Oyarzabal,Scotland,2.0,Shots,82,2023-10-12,2023-10-10 15:57:00
147,Elijah Metcalf,LT,60.5,Receiving Yards,15,2023-10-10,2023-10-10 15:57:00
148,Jack Hendry,Spain,3.0,Clearances,82,2023-10-12,2023-10-10 15:57:00
149,Ferran Torres,Scotland,2.0,Shots,82,2023-10-12,2023-10-10 15:57:00
150,Rodri,Scotland,1.5,Shots,82,2023-10-12,2023-10-10 15:57:00
151,Andy Robertson,Spain,1.5,Tackles,82,2023-10-12,2023-10-10 15:57:00
152,Joselu,Scotland,3.0,Shots,82,2023-10-12,2023-10-10 15:57:00
153,Alvaro Morata,Scotland,2.5,Shots,82,2023-10-12,2023-10-10 15:57:00
154,Ekaterina Alexandrova,Y. Wickmayer (Seoul),4.0,Aces,5,2023-10-11,2023-10-10 15:57:00
155,Nico Williams,Scotland,1.5,Shots,82,2023-10-12,2023-10-10 15:57:00
156,Klay Thompson,2023-2024 Season,4.2,3PT Made Per Game AVG,173,2023-10-24,2023-10-10 15:57:00
157,Alvaro Morata,Scotland,0.5,Goals,82,2023-10-12,2023-10-10 15:57:00
158,Klay Thompson,2023-2024 Season,0.5,50+ Point Games,173,2023-10-24,2023-10-10 15:57:00
159,Jonquel Jones,LVA 1st Half,7.5,PTS,193,2023-10-11,2023-10-10 15:57:00
160,Klay Thompson,2023-2024 Season,10.5,30+ Point Games,173,2023-10-24,2023-10-10 15:57:00
161,Erling Haaland,Cyprus,1.5,Goal + Assist,82,2023-10-12,2023-10-10 15:57:00
162,Jackie Young,NYL,5.0,TRB,3,2023-10-11,2023-10-10 15:57:00
163,Devin Booker,2023-2024 Season,27.1,Points Per Game AVG,173,2023-10-24,2023-10-10 15:57:00
164,Jackie Young,NYL,19.0,PTS,3,2023-10-11,2023-10-10 15:57:00
165,Kaja Juvan,Y. Yuan (Seoul),21.5,Total Games,5,2023-10-11,2023-10-10 15:57:00
166,Cyrus Allen,MTS,60.5,Receiving Yards,15,2023-10-10,2023-10-10 15:57:00
167,Cole Caufield,2023-2024 Season,32.5,Goals,236,2023-10-11,2023-10-10 15:57:00
168,Jackie Young,NYL,4.5,AST,3,2023-10-11,2023-10-10 15:57:00
169,Devin Booker,2023-2024 Season,0.5,50+ Point Games,173,2023-10-24,2023-10-10 15:57:00
170,Devin Booker,2023-2024 Season,11.5,Technical Fouls,173,2023-10-24,2023-10-10 15:57:00
171,Devin Booker,2023-2024 Season,8.5,Double-Doubles,173,2023-10-24,2023-10-10 15:57:00
172,Devin Booker,2023-2024 Season,2.1,3PT Made Per Game AVG,173,2023-10-24,2023-10-10 15:57:00
173,Jackie Young,NYL 1st Half,9.5,PTS,193,2023-10-11,2023-10-10 15:57:00
174,Kaja Juvan,Y. Yuan (Seoul),1.5,Aces,5,2023-10-11,2023-10-10 15:57:00
175,Devin Booker,2023-2024 Season,23.5,30+ Point Games,173,2023-10-24,2023-10-10 15:57:00
176,Devin Booker,2023-2024 Season,6.6,Assists Per Game AVG,173,2023-10-24,2023-10-10 15:57:00
177,Kaja Juvan,Y. Yuan (Seoul),4.5,Break Points Won,5,2023-10-11,2023-10-10 15:57:00
178,Betnijah Laney,LVA 1st Half,7.5,PTS,193,2023-10-11,2023-10-10 15:57:00
179,Chris Paul,2023-2024 Season,5.5,Technical Fouls,173,2023-10-24,2023-10-10 15:57:00
180,Magdalena Frech,A. Danilina (Hong Kong),5.0,Break Points Won,5,2023-10-11,2023-10-10 15:57:00
181,Mitch Marner,2023-2024 Season,32.5,Goals,236,2023-10-11,2023-10-10 15:57:00
182,Chris Paul,2023-2024 Season,0.5,30+ Point Games,173,2023-10-24,2023-10-10 15:57:00
183,Magdalena Frech,A. Danilina (Hong Kong),18.0,Total Games,5,2023-10-11,2023-10-10 15:57:00
184,Betnijah Laney,LVA,15.5,PTS,3,2023-10-11,2023-10-10 15:57:00
185,Beatriz Haddad Maia,A. Sasnovich (Hong Kong),4.0,Break Points Won,5,2023-10-11,2023-10-10 15:57:00
186,Bradley Beal,2023-2024 Season,8.5,30+ Point Games,173,2023-10-24,2023-10-10 15:57:00
187,Beatriz Haddad Maia,A. Sasnovich (Hong Kong),21.0,Total Games,5,2023-10-11,2023-10-10 15:57:00
188,Russell Wilson,KC,228.5,Pass Yards,9,2023-10-12,2023-10-10 15:57:00
189,Bradley Beal,2023-2024 Season,20.8,Points Per Game AVG,173,2023-10-24,2023-10-10 15:57:00
190,Russell Wilson,KC,0.5,INT,9,2023-10-12,2023-10-10 15:57:00
191,Sebastian Aho,2023-2024 Season,36.5,Goals,236,2023-10-11,2023-10-10 15:57:00
192,Russell Wilson,KC,20.5,Rush Yards,9,2023-10-12,2023-10-10 15:57:00
193,Kevon Looney,2023-2024 Season,9.1,Rebounds Per Game AVG,173,2023-10-24,2023-10-10 15:57:00
194,Sara Sorribes Tormo,C. Wu Ho (Hong Kong),5.0,Break Points Won,5,2023-10-11,2023-10-10 15:57:00
195,Brandon Pfaadt,LAD,3.5,Pitcher Strikeouts,2,2023-10-11,2023-10-10 15:57:00
196,Patrick Mahomes,DEN,0.5,INT,9,2023-10-12,2023-10-10 15:57:00
197,Sara Sorribes Tormo,C. Wu Ho (Hong Kong),16.0,Total Games,5,2023-10-11,2023-10-10 15:57:00
198,Lamelo Ball,2023-2024 Season,8.7,Assists Per Game AVG,173,2023-10-25,2023-10-10 15:57:00
199,Lamelo Ball,2023-2024 Season,4.5,Triple-Doubles,173,2023-10-25,2023-10-10 15:57:00
200,Lamelo Ball,2023-2024 Season,4.0,3PT Made Per Game AVG,173,2023-10-25,2023-10-10 15:57:00
201,Lamelo Ball,2023-2024 Season,12.5,30+ Point Games,173,2023-10-25,2023-10-10 15:57:00
202,Patrick Mahomes,DEN,270.5,Pass Yards,9,2023-10-12,2023-10-10 15:57:00
203,Lamelo Ball,2023-2024 Season,23.7,Points Per Game AVG,173,2023-10-25,2023-10-10 15:57:00
204,John Tavares,2023-2024 Season,30.5,Goals,236,2023-10-11,2023-10-10 15:57:00
205,Trae Young,2023-2024 Season,9.9,Assists Per Game AVG,173,2023-10-25,2023-10-10 15:57:00
206,Isiah Pacheco,DEN,74.5,Rush Yards,9,2023-10-12,2023-10-10 15:57:00
207,Trae Young,2023-2024 Season,2.4,3PT Made Per Game AVG,173,2023-10-25,2023-10-10 15:57:00
208,Alina Korneeva,V. Savinykh (Hong Kong),5.0,Break Points Won,5,2023-10-11,2023-10-10 15:57:00
209,Lance Lynn,ARI,11.5,Pitching Outs,2,2023-10-11,2023-10-10 15:57:00
210,Alina Korneeva,V. Savinykh (Hong Kong),20.5,Total Games,5,2023-10-11,2023-10-10 15:57:00
211,Trae Young,2023-2024 Season,26.1,Points Per Game AVG,173,2023-10-25,2023-10-10 15:57:00
212,Trae Young,2023-2024 Season,11.5,Technical Fouls,173,2023-10-25,2023-10-10 15:57:00
213,Isiah Pacheco,DEN,11.5,Receiving Yards,9,2023-10-12,2023-10-10 15:57:00
214,Isiah Pacheco,DEN,89.5,Rush+Rec Yds,9,2023-10-12,2023-10-10 15:57:00
215,Isiah Pacheco,DEN,16.5,Rush Attempts,9,2023-10-12,2023-10-10 15:57:00
216,Trae Young,2023-2024 Season,20.5,30+ Point Games,173,2023-10-25,2023-10-10 15:57:00
217,Trae Young,2023-2024 Season,0.5,50+ Point Games,173,2023-10-25,2023-10-10 15:57:00
218,David Pastrnak,2023-2024 Season,47.5,Goals,236,2023-10-11,2023-10-10 15:57:00
219,Brandon Miller ,2023-2024 Season,14.3,Points Per Game AVG,173,2023-10-25,2023-10-10 15:57:00
220,Connor McDavid,2023-2024 Season,55.5,Goals,236,2023-10-11,2023-10-10 15:57:00
221,Sofya Lansere,H. Yi Cody Wong (Hong Kong),5.0,Break Points Won,5,2023-10-11,2023-10-10 15:57:00
222,Sofya Lansere,H. Yi Cody Wong (Hong Kong),21.5,Total Games,5,2023-10-11,2023-10-10 15:57:00
223,Terry Rozier,2023-2024 Season,2.5,Double-Doubles,173,2023-10-25,2023-10-10 15:57:00
224,Jerick McKinnon,DEN,24.5,Rush+Rec Yds,9,2023-10-12,2023-10-10 15:57:00
225,Elias Pettersson,2023-2024 Season,35.5,Goals,236,2023-10-11,2023-10-10 15:57:00
226,Elise Mertens,D. Saville (Hong Kong),21.0,Total Games,5,2023-10-11,2023-10-10 15:57:00
227,Jerick McKinnon,DEN,8.5,Rush Yards,9,2023-10-12,2023-10-10 15:57:00
228,Jerick McKinnon,DEN,12.5,Receiving Yards,9,2023-10-12,2023-10-10 15:57:00
229,Elise Mertens,D. Saville (Hong Kong),4.5,Break Points Won,5,2023-10-11,2023-10-10 15:57:00
230,Terry Rozier,2023-2024 Season,20.1,Points Per Game AVG,173,2023-10-25,2023-10-10 15:57:00
231,Anna Blinkova,P. Hon (Hong Kong),20.0,Total Games,5,2023-10-11,2023-10-10 15:57:00
232,Leon Draisaitl,2023-2024 Season,50.5,Goals,236,2023-10-11,2023-10-10 15:57:00
233,Jordan Poole,2023-2024 Season,15.5,30+ Point Games,173,2023-10-25,2023-10-10 15:57:00
234,Jordan Poole,2023-2024 Season,8.5,Technical Fouls,173,2023-10-25,2023-10-10 15:57:00
235,Tyus Jones,2023-2024 Season,6.9,Assists Per Game AVG,173,2023-10-25,2023-10-10 15:57:00
236,Fred VanVleet,2023-2024 Season,0.5,Triple-Doubles,173,2023-10-25,2023-10-10 15:57:00
237,Anna Blinkova,P. Hon (Hong Kong),5.0,Break Points Won,5,2023-10-11,2023-10-10 15:57:00
238,Jordan Poole,2023-2024 Season,24.4,Points Per Game AVG,173,2023-10-25,2023-10-10 15:57:00
239,Jordan Poole,2023-2024 Season,3.1,3PT Made Per Game AVG,173,2023-10-25,2023-10-10 15:57:00
240,Javonte Williams,KC,38.5,Rush Yards,9,2023-10-12,2023-10-10 15:57:00
241,Tyrese Haliburton,2023-2024 Season,1.5,Technical Fouls,173,2023-10-25,2023-10-10 15:57:00
242,Tyrese Haliburton,2023-2024 Season,9.9,Assists Per Game AVG,173,2023-10-25,2023-10-10 15:57:00
243,Mitchell Robinson,2023-2024 Season,17.5,Double-Doubles,173,2023-10-25,2023-10-10 15:57:00
244,Anhelina Kalinina,V. Zvonareva (Zhengzhou),21.0,Total Games,5,2023-10-11,2023-10-10 15:57:00
245,Tyrese Haliburton,2023-2024 Season,8.5,30+ Point Games,173,2023-10-25,2023-10-10 15:57:00
246,Anhelina Kalinina,V. Zvonareva (Zhengzhou),2.0,Aces,5,2023-10-11,2023-10-10 15:57:00
247,Tyrese Haliburton,2023-2024 Season,21.2,Points Per Game AVG,173,2023-10-25,2023-10-10 15:57:00
248,Anhelina Kalinina,V. Zvonareva (Zhengzhou),4.5,Break Points Won,5,2023-10-11,2023-10-10 15:57:00
249,Nathan MacKinnon,2023-2024 Season,39.5,Goals,236,2023-10-11,2023-10-10 15:57:00
250,Javonte Williams,KC,12.5,Receiving Yards,9,2023-10-12,2023-10-10 15:57:00
251,Kyle Kuzma,2023-2024 Season,0.5,Technical Fouls,173,2023-10-25,2023-10-10 15:57:00
252,Kevin Fiala,2023-2024 Season,26.5,Goals,236,2023-10-11,2023-10-10 15:57:00
253,Caroline Garcia ,J. Paolini (Zhengzhou),7.0,Aces,5,2023-10-11,2023-10-10 15:57:00
254,Adam Trautman,KC,20.5,Receiving Yards,9,2023-10-12,2023-10-10 15:57:00
255,Kyle Kuzma,2023-2024 Season,21.5,Points Per Game AVG,173,2023-10-25,2023-10-10 15:57:00
256,Kyle Kuzma,2023-2024 Season,9.5,30+ Point Games,173,2023-10-25,2023-10-10 15:57:00
257,Caroline Garcia ,J. Paolini (Zhengzhou),21.5,Total Games,5,2023-10-11,2023-10-10 15:57:00
258,Caroline Garcia ,J. Paolini (Zhengzhou),4.0,Break Points Won,5,2023-10-11,2023-10-10 15:57:00
259,Jalen Brunson,2023-2024 Season,14.5,30+ Point Games,173,2023-10-25,2023-10-10 15:57:00
260,Jalen Brunson,2023-2024 Season,7.5,Double-Doubles,173,2023-10-25,2023-10-10 15:57:00
261,Rudy Gobert,2023-2024 Season,7.5,Technical Fouls,173,2023-10-25,2023-10-10 15:57:00
262,Qinwen Zheng,M. Sakkari (Zhengzhou),21.5,Total Games,5,2023-10-11,2023-10-10 15:57:00
263,Qinwen Zheng,M. Sakkari (Zhengzhou),3.5,Break Points Won,5,2023-10-11,2023-10-10 15:57:00
264,Mikko Rantanen,2023-2024 Season,44.5,Goals,236,2023-10-11,2023-10-10 15:57:00
265,Jalen Brunson,2023-2024 Season,24.4,Points Per Game AVG,173,2023-10-25,2023-10-10 15:57:00
266,Qinwen Zheng,M. Sakkari (Zhengzhou),5.5,Aces,5,2023-10-11,2023-10-10 15:57:00
267,Jalen Brunson,2023-2024 Season,6.1,Assists Per Game AVG,173,2023-10-25,2023-10-10 15:57:00
268,Julius Randle,2023-2024 Season,0.5,Triple-Doubles,173,2023-10-25,2023-10-10 15:57:00
269,Kyle Connor,2023-2024 Season,36.5,Goals,236,2023-10-11,2023-10-10 15:57:00
270,Julius Randle,2023-2024 Season,14.5,30+ Point Games,173,2023-10-25,2023-10-10 15:57:00
271,Julius Randle,2023-2024 Season,0.5,50+ Point Games,173,2023-10-25,2023-10-10 15:57:00
272,Julius Randle,2023-2024 Season,24.3,Points Per Game AVG,173,2023-10-25,2023-10-10 15:57:00
273,Donna Vekic,L. Tsurenko (Zhengzhou),21.5,Total Games,5,2023-10-11,2023-10-10 15:57:00
274,Donna Vekic,L. Tsurenko (Zhengzhou),4.5,Break Points Won,5,2023-10-11,2023-10-10 15:57:00
275,Julius Randle,2023-2024 Season,10.5,Technical Fouls,173,2023-10-25,2023-10-10 15:57:00
276,Donna Vekic,L. Tsurenko (Zhengzhou),2.5,Aces,5,2023-10-11,2023-10-10 15:57:00
277,Julius Randle,2023-2024 Season,10.0,Rebounds Per Game AVG,173,2023-10-25,2023-10-10 15:57:00
278,Jordan Poole,Taipans,15.5,PTS,237,2023-10-10,2023-10-10 15:57:00
279,Kohaibi,Orangutan X (MAPS 1-2 Kills),37.0,MAPS 1-2 Kills,159,2023-10-11,2023-10-10 15:57:00
280,Travis Kelce,DEN,67.5,Receiving Yards,9,2023-10-12,2023-10-10 15:57:00
281,Elias Lindholm,2023-2024 Season,28.5,Goals,236,2023-10-11,2023-10-10 15:57:00
282,Paolo Banchero,2023-2024 Season,13.5,Double-Doubles,173,2023-10-25,2023-10-10 15:57:00
283,Kaidon Salter,JVS,53.5,Rush Yards,15,2023-10-10,2023-10-10 15:57:00
284,Kaidon Salter,JVS,287.5,Pass+Rush Yds,15,2023-10-10,2023-10-10 15:57:00
285,Paolo Banchero,2023-2024 Season,21.9,Points Per Game AVG,173,2023-10-25,2023-10-10 15:57:00
286,enerii,Orangutan X (MAPS 1-2 Kills),40.5,MAPS 1-2 Kills,159,2023-10-11,2023-10-10 15:57:00
287,Corey Seager,BAL,8.0,Hitter Fantasy Score,2,2023-10-10,2023-10-10 15:57:00
288,Courtland Sutton,KC,3.5,Receptions,9,2023-10-12,2023-10-10 15:57:00
289,Nathan Eovaldi,BAL 1st Inning,16.0,Pitches Thrown,231,2023-10-10,2023-10-10 15:57:00
290,Paolo Banchero,2023-2024 Season,8.5,30+ Point Games,173,2023-10-25,2023-10-10 15:57:00
291,Courtland Sutton,KC,45.5,Receiving Yards,9,2023-10-12,2023-10-10 15:57:00
292,Johnny Gaudreau,2023-2024 Season,28.5,Goals,236,2023-10-12,2023-10-10 15:57:00
293,Kaidon Salter,JVS,231.5,Pass Yards,15,2023-10-10,2023-10-10 15:57:00
294,Kyle Kuzma,Taipans,12.5,PTS,237,2023-10-10,2023-10-10 15:57:00
295,Artemi Panarin,2023-2024 Season,28.5,Goals,236,2023-10-12,2023-10-10 15:57:00
296,Adley Rutschman,TEX,6.0,Hitter Fantasy Score,2,2023-10-10,2023-10-10 15:57:00
297,Jerry Jeudy,KC,54.5,Receiving Yards,9,2023-10-12,2023-10-10 15:57:00
298,Jerry Jeudy,KC,4.5,Receptions,9,2023-10-12,2023-10-10 15:57:00
299,shirazi,Orangutan X (MAPS 1-2 Kills),33.5,MAPS 1-2 Kills,159,2023-10-11,2023-10-10 15:57:00
300,Dean Kremer,TEX 1st Inning,16.0,Pitches Thrown,231,2023-10-10,2023-10-10 15:57:00
301,Justin Watson,DEN,21.5,Receiving Yards,9,2023-10-12,2023-10-10 15:57:00
302,Alexy,Orangutan X (MAPS 1-2 Kills),36.5,MAPS 1-2 Kills,159,2023-10-11,2023-10-10 15:57:00
303,Tage Thompson,2023-2024 Season,43.5,Goals,236,2023-10-12,2023-10-10 15:57:00
304,Quinton Cooley,JVS,75.5,Rush Yards,15,2023-10-10,2023-10-10 15:57:00
305,Clint Capela,2023-2024 Season,11.1,Rebounds Per Game AVG,173,2023-10-25,2023-10-10 15:57:00
306,Clint Capela,2023-2024 Season,0.5,Technical Fouls,173,2023-10-25,2023-10-10 15:57:00
307,Marcus Semien,BAL,6.5,Hitter Fantasy Score,2,2023-10-10,2023-10-10 15:57:00
308,Kristaps Porzingis,2023-2024 Season,5.5,Technical Fouls,173,2023-10-25,2023-10-10 15:57:00
309,Kadarius Toney,DEN,31.5,Receiving Yards,9,2023-10-12,2023-10-10 15:57:00
310,Mika Zibanejad,2023-2024 Season,35.5,Goals,236,2023-10-12,2023-10-10 15:57:00
311,Anthony Santander,TEX,6.5,Hitter Fantasy Score,2,2023-10-10,2023-10-10 15:57:00
312,Malik Jackson,LIB,87.5,Rush Yards,15,2023-10-10,2023-10-10 15:57:00
313,Alex DeBrincat,2023-2024 Season,35.5,Goals,236,2023-10-12,2023-10-10 15:57:00
314,Adolis Garcia,BAL,7.0,Hitter Fantasy Score,2,2023-10-10,2023-10-10 15:57:00
315,CJ Daniels,JVS,70.5,Receiving Yards,15,2023-10-10,2023-10-10 15:57:00
316,Marquez Valdes-Scantling,DEN,18.5,Receiving Yards,9,2023-10-12,2023-10-10 15:57:00
317,Jaylen Brown,2023-2024 Season,17.5,30+ Point Games,173,2023-10-25,2023-10-10 15:57:00
318,Marvin Mims Jr.,KC,17.5,Receiving Yards,9,2023-10-12,2023-10-10 15:57:00
319,Perry Carter,LIB,38.5,Receiving Yards,15,2023-10-10,2023-10-10 15:57:00
320,Gunnar Henderson,TEX,6.5,Hitter Fantasy Score,2,2023-10-10,2023-10-10 15:57:00
321,Jaylen Brown,2023-2024 Season,25.6,Points Per Game AVG,173,2023-10-25,2023-10-10 15:57:00
322,Chris Kreider,2023-2024 Season,35.5,Goals,236,2023-10-12,2023-10-10 15:57:00
323,Jaylen Brown,2023-2024 Season,3.5,Technical Fouls,173,2023-10-25,2023-10-10 15:57:00
324,Jayson Tatum,2023-2024 Season,29.6,Points Per Game AVG,173,2023-10-25,2023-10-10 15:57:00
325,Timo Meier,2023-2024 Season,37.5,Goals,236,2023-10-12,2023-10-10 15:57:00
326,Rashee Rice,DEN,28.5,Receiving Yards,9,2023-10-12,2023-10-10 15:57:00
327,Jayson Tatum,2023-2024 Season,0.5,Triple-Doubles,173,2023-10-25,2023-10-10 15:57:00
328,Jayson Tatum,2023-2024 Season,8.5,Technical Fouls,173,2023-10-25,2023-10-10 15:57:00
329,Jayson Tatum,2023-2024 Season,0.5,50+ Point Games,173,2023-10-25,2023-10-10 15:57:00
330,Treon Sibley,JVS,55.5,Receiving Yards,15,2023-10-10,2023-10-10 15:57:00
331,Dillon Brooks ,2023-2024 Season,1.5,30+ Point Games,173,2023-10-25,2023-10-10 15:57:00
332,Dillon Brooks ,2023-2024 Season,14.5,Technical Fouls,173,2023-10-25,2023-10-10 15:57:00
333,Skyy Moore,DEN,28.5,Receiving Yards,9,2023-10-12,2023-10-10 15:57:00
334,Jack Hughes,2023-2024 Season,42.5,Goals,236,2023-10-12,2023-10-10 15:57:00
335,RJ Barrett,2023-2024 Season,7.5,30+ Point Games,173,2023-10-25,2023-10-10 15:57:00
336,Quinton Lane,LIB,27.5,Receiving Yards,15,2023-10-10,2023-10-10 15:57:00
337,RJ Barrett,2023-2024 Season,19.7,Points Per Game AVG,173,2023-10-25,2023-10-10 15:57:00
338,Emily Ducote,Ashley Yoder,75.5,Significant Strikes,12,2023-10-14,2023-10-10 15:57:00
339,Aleksander Barkov,2023-2024 Season,28.5,Goals,236,2023-10-12,2023-10-10 15:57:00
340,Bam Adebayo,2023-2024 Season,6.5,30+ Point Games,173,2023-10-25,2023-10-10 15:57:00
341,Alperen Sengun,2023-2024 Season,0.5,Triple-Doubles,173,2023-10-25,2023-10-10 15:57:00
342,Ayumiii,FULL SENSE SAPPHIRE (MAPS 1-2 Kills),39.5,MAPS 1-2 Kills,159,2023-10-11,2023-10-10 15:57:00
343,Chris Gutierrez,Alateng Heili,63.5,Significant Strikes,12,2023-10-14,2023-10-10 15:57:00
344,Mitchell Robinson,2023-2024 Season,9.1,Rebounds Per Game AVG,173,2023-10-25,2023-10-10 15:57:00
345,Kirill Kaprizov,2023-2024 Season,43.5,Goals,236,2023-10-12,2023-10-10 15:57:00
346,Wendell Carter Jr.	,2023-2024 Season,9.1,Rebounds Per Game AVG,173,2023-10-25,2023-10-10 15:57:00
347,Melissa Dixon	,Irina Alekseeva,47.5,Significant Strikes,12,2023-10-14,2023-10-10 15:57:00
348,Donovan Mitchell,2023-2024 Season,2.5,Double-Doubles,173,2023-10-25,2023-10-10 15:57:00
349,Donovan Mitchell,2023-2024 Season,0.5,50+ Point Games,173,2023-10-25,2023-10-10 15:57:00
350,Alluka,FULL SENSE SAPPHIRE (MAPS 1-2 Kills),33.0,MAPS 1-2 Kills,159,2023-10-11,2023-10-10 15:57:00
351,Jason Robertson,2023-2024 Season,43.5,Goals,236,2023-10-12,2023-10-10 15:57:00
352,Donovan Mitchell,2023-2024 Season,28.0,Points Per Game AVG,173,2023-10-25,2023-10-10 15:57:00
353,Damarri Mathis,KC,5.0,Tackles+Ast,9,2023-10-12,2023-10-10 15:57:00
354,Darius Garland,2023-2024 Season,20.5,Double-Doubles,173,2023-10-25,2023-10-10 15:57:00
355,Justin Reid,DEN,4.5,Tackles+Ast,9,2023-10-12,2023-10-10 15:57:00
356,bes,FULL SENSE SAPPHIRE (MAPS 1-2 Kills),29.0,MAPS 1-2 Kills,159,2023-10-11,2023-10-10 15:57:00
357,Darius Garland,2023-2024 Season,7.5,30+ Point Games,173,2023-10-25,2023-10-10 15:57:00
358,Darius Garland,2023-2024 Season,21.9,Points Per Game AVG,173,2023-10-25,2023-10-10 15:57:00
359,Al Horford,2023-2024 Season,0.5,Technical Fouls,173,2023-10-25,2023-10-10 15:57:00
360,Darius Garland,2023-2024 Season,2.5,3PT Made Per Game AVG,173,2023-10-25,2023-10-10 15:57:00
361,Sam Reinhart,2023-2024 Season,30.5,Goals,236,2023-10-12,2023-10-10 15:57:00
362,Darius Garland,2023-2024 Season,7.9,Assists Per Game AVG,173,2023-10-25,2023-10-10 15:57:00
363,nabbsky,FULL SENSE SAPPHIRE (MAPS 1-2 Kills),28.0,MAPS 1-2 Kills,159,2023-10-11,2023-10-10 15:57:00
364,Josey Jewell,KC,7.5,Tackles+Ast,9,2023-10-12,2023-10-10 15:57:00
365,Evan Mobley,2023-2024 Season,9.4,Rebounds Per Game AVG,173,2023-10-25,2023-10-10 15:57:00
366,Tainara Lisboa,Ravena Oliveira,1.5,Takedowns,12,2023-10-14,2023-10-10 15:57:00
367,Tainara Lisboa,Ravena Oliveira,10.5,Fight Time (Mins),12,2023-10-14,2023-10-10 15:57:00
368,Roope Hintz,2023-2024 Season,36.5,Goals,236,2023-10-12,2023-10-10 15:57:00
369,Tainara Lisboa,Ravena Oliveira,34.5,Significant Strikes,12,2023-10-14,2023-10-10 15:57:00
370,TJ Brown,Darren Elkins,2.0,Takedowns,12,2023-10-14,2023-10-10 15:57:00
371,babytz,Rex Regum Qeon Kaguya (MAPS 1-2 Kills),36.5,MAPS 1-2 Kills,159,2023-10-11,2023-10-10 15:57:00
372,Justin Simmons,KC,5.5,Tackles+Ast,9,2023-10-12,2023-10-10 15:57:00
373,TJ Brown,Darren Elkins,52.5,Significant Strikes,12,2023-10-14,2023-10-10 15:57:00
374,Alex Ovechkin,2023-2024 Season,40.5,Goals,236,2023-10-13,2023-10-10 15:57:00
375,TJ Brown,Darren Elkins,14.75,Fight Time (Mins),12,2023-10-14,2023-10-10 15:57:00
376,Jarrett Allen,2023-2024 Season,9.9,Rebounds Per Game AVG,173,2023-10-25,2023-10-10 15:57:00
377,Bogdan Bogdanovic,2023-2024 Season,0.5,Technical Fouls,173,2023-10-25,2023-10-10 15:57:00
378,Muffyn,Rex Regum Qeon Kaguya (MAPS 1-2 Kills),36.0,MAPS 1-2 Kills,159,2023-10-11,2023-10-10 15:57:00
379,Patrick Surtain II,KC,3.5,Tackles+Ast,9,2023-10-12,2023-10-10 15:57:00
380,Christian Rodriguez,Cameron Saaiman,42.5,Significant Strikes,12,2023-10-14,2023-10-10 15:57:00
381,Christian Rodriguez,Cameron Saaiman,0.5,Takedowns,12,2023-10-14,2023-10-10 15:57:00
382,Kareem Jackson,KC,6.0,Tackles+Ast,9,2023-10-12,2023-10-10 15:57:00
383,Kevin love ,2023-2024 Season,2.5,Double-Doubles,173,2023-10-25,2023-10-10 15:57:00
384,Edgar Chairez	,Daniel Lacerda,5.0,Fight Time (Mins),12,2023-10-14,2023-10-10 15:57:00
385,Edgar Chairez	,Daniel Lacerda,24.5,Significant Strikes,12,2023-10-14,2023-10-10 15:57:00
386,poly,Rex Regum Qeon Kaguya (MAPS 1-2 Kills),29.5,MAPS 1-2 Kills,159,2023-10-11,2023-10-10 15:57:00
387,Kevin love ,2023-2024 Season,0.5,Technical Fouls,173,2023-10-25,2023-10-10 15:57:00
388,Michel Pereira,Andre Petroski,58.5,Significant Strikes,12,2023-10-14,2023-10-10 15:57:00
389,Michel Pereira,Andre Petroski,12.5,Fight Time (Mins),12,2023-10-14,2023-10-10 15:57:00
390,JinNy,Rex Regum Qeon Kaguya (MAPS 1-2 Kills),27.5,MAPS 1-2 Kills,159,2023-10-11,2023-10-10 15:57:00
391,Jonathan Martinez,Adrian Yanez,10.5,Fight Time (Mins),12,2023-10-14,2023-10-10 15:57:00
392,Jonathan Martinez,Adrian Yanez,52.5,Significant Strikes,12,2023-10-14,2023-10-10 15:57:00
393,Jennifer Maia,Viviane Araujo,80.5,Significant Strikes,12,2023-10-14,2023-10-10 15:57:00
394,Sodiq Yusuff,Edson Barboza,72.5,Significant Strikes,12,2023-10-14,2023-10-10 15:57:00
395,Sodiq Yusuff,Edson Barboza,13.5,Fight Time (Mins),12,2023-10-14,2023-10-10 15:57:00
396,LaMelo Ball,MIA,13.5,PTS,237,2023-10-10,2023-10-10 15:57:00
397,Bojan Bogdanovic,2023-2024 Season,19.7,Points Per Game AVG,173,2023-10-25,2023-10-10 15:57:00
398,Rest,DFM (MAPS 1-2 Kills),6.0,MAPS 1-2 Kills,121,2023-10-11,2023-10-10 15:57:00
399,Grayson McCall,APP,270.5,Pass Yards,15,2023-10-10,2023-10-10 15:57:00
400,Bojan Bogdanovic,2023-2024 Season,7.5,30+ Point Games,173,2023-10-25,2023-10-10 15:57:00
401,Joey Aguilar,CC,247.5,Pass Yards,15,2023-10-10,2023-10-10 15:57:00
402,Cade Cunningham,2023-2024 Season,21.4,Points Per Game AVG,173,2023-10-25,2023-10-10 15:57:00
403,Cade Cunningham,2023-2024 Season,8.5,30+ Point Games,173,2023-10-25,2023-10-10 15:57:00
404,P.J. Washington,MIA,9.5,PTS,237,2023-10-10,2023-10-10 15:57:00
405,Jimmy Butler,2023-2024 Season,3.5,Technical Fouls,173,2023-10-25,2023-10-10 15:57:00
406,Gemini,DFM (MAPS 1-2 Kills),4.0,MAPS 1-2 Kills,121,2023-10-11,2023-10-10 15:57:00
407,Jimmy Butler,2023-2024 Season,1.5,Triple-Doubles,173,2023-10-25,2023-10-10 15:57:00
408,Cade Cunningham,2023-2024 Season,6.2,Assists Per Game AVG,173,2023-10-25,2023-10-10 15:57:00
409,JimieN,DFM (MAPS 1-2 Kills),7.5,MAPS 1-2 Kills,121,2023-10-11,2023-10-10 15:57:00
410,Nate Noel,CC,107.5,Rush Yards,15,2023-10-10,2023-10-10 15:57:00
411,Shunn,DFM (MAPS 1-2 Kills),12.0,MAPS 1-2 Kills,121,2023-10-11,2023-10-10 15:57:00
412,Terry Rozier,MIA,12.5,PTS,237,2023-10-10,2023-10-10 15:57:00
413,Braydon Bennett,APP,60.5,Rush Yards,15,2023-10-10,2023-10-10 15:57:00
414,Sam Pinckney,APP,84.5,Receiving Yards,15,2023-10-10,2023-10-10 15:57:00
415,Steal,CFO (MAPS 1-2 Kills),3.0,MAPS 1-2 Kills,121,2023-10-11,2023-10-10 15:57:00
416,Nic Claxton,2023-2024 Season,9.5,Rebounds Per Game AVG,173,2023-10-25,2023-10-10 15:57:00
417,Kaedin Robinson,CC,59.5,Receiving Yards,15,2023-10-10,2023-10-10 15:57:00
418,Jared Brown,APP,60.5,Receiving Yards,15,2023-10-10,2023-10-10 15:57:00
419,Aria,CFO (MAPS 1-2 Kills),6.0,MAPS 1-2 Kills,121,2023-10-11,2023-10-10 15:57:00
420,Milan,CFO (MAPS 1-2 Kills),6.0,MAPS 1-2 Kills,121,2023-10-11,2023-10-10 15:57:00
421,Christan Horn,CC,38.5,Receiving Yards,15,2023-10-10,2023-10-10 15:57:00
422,Adam,TW (MAPS 1-2 Kills),7.0,MAPS 1-2 Kills,121,2023-10-11,2023-10-10 15:57:00
423,Lamar Jackson,TEN,42.5,Rush Yards,9,2023-10-15,2023-10-10 15:57:00
424,Lamar Jackson,TEN,221.5,Pass Yards,9,2023-10-15,2023-10-10 15:57:00
425,Lamar Jackson,TEN,0.5,INT,9,2023-10-15,2023-10-10 15:57:00
426,Ryan Tannehill,BAL,0.5,INT,9,2023-10-15,2023-10-10 15:57:00
427,Ryan Tannehill,BAL,210.5,Pass Yards,9,2023-10-15,2023-10-10 15:57:00
428,Karl-Anthony Towns,2023-2024 Season,22.0,Points Per Game AVG,173,2023-10-25,2023-10-10 15:57:00
429,Ryan Tannehill,BAL,8.5,Rush Yards,9,2023-10-15,2023-10-10 15:57:00
430,Karl-Anthony Towns,2023-2024 Season,9.5,30+ Point Games,173,2023-10-25,2023-10-10 15:57:00
431,Sheo,TW (MAPS 1-2 Kills),5.0,MAPS 1-2 Kills,121,2023-10-11,2023-10-10 15:57:00
432,Kyle Anderson ,2023-2024 Season,0.5,Triple-Doubles,173,2023-10-25,2023-10-10 15:57:00
433,Rudy Gobert,2023-2024 Season,11.6,Rebounds Per Game AVG,173,2023-10-25,2023-10-10 15:57:00
434,Anthony Edwards,2023-2024 Season,7.5,Technical Fouls,173,2023-10-25,2023-10-10 15:57:00
435,Anthony Edwards,2023-2024 Season,20.5,30+ Point Games,173,2023-10-25,2023-10-10 15:57:00
436,nuc,TW (MAPS 1-2 Kills),10.0,MAPS 1-2 Kills,121,2023-10-11,2023-10-10 15:57:00
437,Anthony Edwards,2023-2024 Season,0.5,50+ Point Games,173,2023-10-25,2023-10-10 15:57:00
438,Anthony Edwards,2023-2024 Season,26.0,Points Per Game AVG,173,2023-10-25,2023-10-10 15:57:00
439,Justin Tucker,TEN,1.5,FG Made,9,2023-10-15,2023-10-10 15:57:00
440,Justin Tucker,TEN,6.5,Kicking Points,9,2023-10-15,2023-10-10 15:57:00
441,Anthony Edwards,2023-2024 Season,2.9,3PT Made Per Game AVG,173,2023-10-25,2023-10-10 15:57:00
442,Derrick Henry,BAL,9.5,Receiving Yards,9,2023-10-15,2023-10-10 15:57:00
443,Bam Adebayo,2023-2024 Season,9.3,Rebounds Per Game AVG,173,2023-10-25,2023-10-10 15:57:00
444,Derrick Henry,BAL,63.5,Rush Yards,9,2023-10-15,2023-10-10 15:57:00
445,Derrick Henry,BAL,0.5,Pass+Rush+Rec TDs,9,2023-10-15,2023-10-10 15:57:00
446,Crownie,TW (MAPS 1-2 Kills),11.0,MAPS 1-2 Kills,121,2023-10-11,2023-10-10 15:57:00
447,Sparda,BDS (MAPS 1-2 Kills),3.0,MAPS 1-2 Kills,121,2023-10-11,2023-10-10 15:57:00
448,Pascal Siakam,2023-2024 Season,15.5,30+ Point Games,173,2023-10-25,2023-10-10 15:57:00
449,BeanJ,BDS (MAPS 1-2 Kills),3.0,MAPS 1-2 Kills,121,2023-10-11,2023-10-10 15:57:00
450,Pascal Siakam,2023-2024 Season,1.5,Triple-Doubles,173,2023-10-25,2023-10-10 15:57:00
451,Tyjae Spears,BAL,27.5,Rush Yards,9,2023-10-15,2023-10-10 15:57:00
452,Glory,BDS (MAPS 1-2 Kills),4.0,MAPS 1-2 Kills,121,2023-10-11,2023-10-10 15:57:00
453,Tyjae Spears,BAL,14.5,Receiving Yards,9,2023-10-15,2023-10-10 15:57:00
454,Artemis,BDS (MAPS 1-2 Kills),5.0,MAPS 1-2 Kills,121,2023-10-11,2023-10-10 15:57:00
455,Robo,PSG (MAPS 1-2 Kills),4.0,MAPS 1-2 Kills,121,2023-10-12,2023-10-10 15:57:00
456,Croc,PSG (MAPS 1-2 Kills),3.0,MAPS 1-2 Kills,121,2023-10-12,2023-10-10 15:57:00
457,tinowns,PSG (MAPS 1-2 Kills),5.0,MAPS 1-2 Kills,121,2023-10-12,2023-10-10 15:57:00
458,Donovan Mitchell,ATL,14.5,PTS,237,2023-10-10,2023-10-10 15:57:00
459,Shai Gilgeous-Alexander,2023-2024 Season,30.6,Points Per Game AVG,173,2023-10-25,2023-10-10 15:57:00
460,Route,PSG (MAPS 1-2 Kills),7.0,MAPS 1-2 Kills,121,2023-10-12,2023-10-10 15:57:00
461,Shai Gilgeous-Alexander,2023-2024 Season,0.5,50+ Point Games,173,2023-10-25,2023-10-10 15:57:00
462,Zay Flowers,TEN,58.5,Receiving Yards,9,2023-10-15,2023-10-10 15:57:00
463,Shai Gilgeous-Alexander,2023-2024 Season,4.5,Double-Doubles,173,2023-10-25,2023-10-10 15:57:00
464,Trae Young,CLE,14.5,PTS,237,2023-10-10,2023-10-10 15:57:00
465,DeMar DeRozan,2023-2024 Season,9.5,Technical Fouls,173,2023-10-25,2023-10-10 15:57:00
466,DeMar DeRozan,2023-2024 Season,14.5,30+ Point Games,173,2023-10-25,2023-10-10 15:57:00
467,DeMar DeRozan,2023-2024 Season,23.8,Points Per Game AVG,173,2023-10-25,2023-10-10 15:57:00
468,Darius Garland,ATL,12.0,PTS,237,2023-10-10,2023-10-10 15:57:00
469,Azhi,LLL (MAPS 1-2 Kills),5.0,MAPS 1-2 Kills,121,2023-10-12,2023-10-10 15:57:00
470,DeAndre Hopkins,BAL,58.5,Receiving Yards,9,2023-10-15,2023-10-10 15:57:00
471,JunJia,LLL (MAPS 1-2 Kills),5.5,MAPS 1-2 Kills,121,2023-10-12,2023-10-10 15:57:00
472,Dejounte Murray,CLE,12.5,PTS,237,2023-10-10,2023-10-10 15:57:00
473,Mark Andrews,TEN,53.5,Receiving Yards,9,2023-10-15,2023-10-10 15:57:00
474,Chet Holmgren ,2023-2024 Season,13.2,Points Per Game AVG,173,2023-10-25,2023-10-10 15:57:00
475,Zach Lavine,2023-2024 Season,16.5,30+ Point Games,173,2023-10-25,2023-10-10 15:57:00
476,Evan Mobley,ATL,9.5,PTS,237,2023-10-10,2023-10-10 15:57:00
477,Zach Lavine,2023-2024 Season,25.1,Points Per Game AVG,173,2023-10-25,2023-10-10 15:57:00
478,Zach Lavine,2023-2024 Season,2.7,3PT Made Per Game AVG,173,2023-10-25,2023-10-10 15:57:00
479,Maple,LLL (MAPS 1-2 Kills),9.0,MAPS 1-2 Kills,121,2023-10-12,2023-10-10 15:57:00
480,Josh Giddey,2023-2024 Season,3.5,Triple-Doubles,173,2023-10-25,2023-10-10 15:57:00
481,Wako,LLL (MAPS 1-2 Kills),10.0,MAPS 1-2 Kills,121,2023-10-12,2023-10-10 15:57:00
482,Alex Caruso,2023-2024 Season,1.5,Technical Fouls,173,2023-10-25,2023-10-10 15:57:00
483,De'Andre Hunter,CLE,11.5,PTS,237,2023-10-10,2023-10-10 15:57:00
484,Josh Giddey,2023-2024 Season,0.5,Technical Fouls,173,2023-10-25,2023-10-10 15:57:00
485,Josh Giddey,2023-2024 Season,1.5,30+ Point Games,173,2023-10-25,2023-10-10 15:57:00
486,Alex Caruso,2023-2024 Season,0.5,Double-Doubles,173,2023-10-25,2023-10-10 15:57:00
487,Josh Giddey,2023-2024 Season,6.5,Assists Per Game AVG,173,2023-10-25,2023-10-10 15:57:00
488,Nikola Vucevic,2023-2024 Season,0.5,Triple-Doubles,173,2023-10-25,2023-10-10 15:57:00
489,Nikola Vucevic,2023-2024 Season,3.5,30+ Point Games,173,2023-10-25,2023-10-10 15:57:00
490,Nikola Vucevic,2023-2024 Season,10.9,Rebounds Per Game AVG,173,2023-10-25,2023-10-10 15:57:00
491,Chigoziem Okonkwo,BAL,32.5,Receiving Yards,9,2023-10-15,2023-10-10 15:57:00
492,Roger McCreary,BAL,4.5,Tackles+Ast,9,2023-10-15,2023-10-10 15:57:00
493,Bong,GAM (MAPS 1-2 Kills),4.5,MAPS 1-2 Kills,121,2023-10-13,2023-10-10 15:57:00
494,Oddie,GAM (MAPS 1-2 Kills),3.5,MAPS 1-2 Kills,121,2023-10-13,2023-10-10 15:57:00
495,Mireu,GAM (MAPS 1-2 Kills),7.0,MAPS 1-2 Kills,121,2023-10-13,2023-10-10 15:57:00
496,Ceo,GAM (MAPS 1-2 Kills),8.0,MAPS 1-2 Kills,121,2023-10-13,2023-10-10 15:57:00
497,Azeez Al-Shaair,BAL,8.5,Tackles+Ast,9,2023-10-15,2023-10-10 15:57:00
498,Patrick Queen,TEN,7.0,Tackles+Ast,9,2023-10-15,2023-10-10 15:57:00
499,Kiaya,R7 (MAPS 1-2 Kills),5.5,MAPS 1-2 Kills,121,2023-10-13,2023-10-10 15:57:00
500,Levi,R7 (MAPS 1-2 Kills),5.5,MAPS 1-2 Kills,121,2023-10-13,2023-10-10 15:57:00
501,De'Aaron Fox,2023-2024 Season,8.5,Technical Fouls,173,2023-10-25,2023-10-10 15:57:00
502,De'Aaron Fox,2023-2024 Season,25.2,Points Per Game AVG,173,2023-10-25,2023-10-10 15:57:00
503,De'Aaron Fox,2023-2024 Season,18.5,30+ Point Games,173,2023-10-25,2023-10-10 15:57:00
504,Cristian Javier,MIN 4th Inning,0.5,Hits Allowed,231,2023-10-10,2023-10-10 15:57:00
505,De'Aaron Fox,2023-2024 Season,6.1,Assists Per Game AVG,173,2023-10-25,2023-10-10 15:57:00
506,Kati,R7 (MAPS 1-2 Kills),7.0,MAPS 1-2 Kills,121,2023-10-13,2023-10-10 15:57:00
507,De'Aaron Fox,2023-2024 Season,8.5,Double-Doubles,173,2023-10-25,2023-10-10 15:57:00
508,Domantas Sabonis,2023-2024 Season,12.1,Rebounds Per Game AVG,173,2023-10-25,2023-10-10 15:57:00
509,Domantas Sabonis,2023-2024 Season,11.5,Triple-Doubles,173,2023-10-25,2023-10-10 15:57:00
510,Domantas Sabonis,2023-2024 Season,19.3,Points Per Game AVG,173,2023-10-25,2023-10-10 15:57:00
511,Domantas Sabonis,2023-2024 Season,5.5,30+ Point Games,173,2023-10-25,2023-10-10 15:57:00
512,Sonny Gray,HOU 4th Inning,0.5,Hits Allowed,231,2023-10-10,2023-10-10 15:57:00
513,Domantas Sabonis,2023-2024 Season,6.9,Assists Per Game AVG,173,2023-10-25,2023-10-10 15:57:00
514,Slayder,R7 (MAPS 1-2 Kills),10.0,MAPS 1-2 Kills,121,2023-10-13,2023-10-10 15:57:00
515,Steven Adams,2023-2024 Season,10.9,Rebounds Per Game AVG,173,2023-10-25,2023-10-10 15:57:00
516,Marcus Smart,2023-2024 Season,6.5,Technical Fouls,173,2023-10-25,2023-10-10 15:57:00
517,Jonas Valanciunas,2023-2024 Season,10.3,Rebounds Per Game AVG,173,2023-10-25,2023-10-10 15:57:00
518,CJ McCollum	,2023-2024 Season,2.7,3PT Made Per Game AVG,173,2023-10-25,2023-10-10 15:57:00
519,CJ McCollum	,2023-2024 Season,3.5,Technical Fouls,173,2023-10-25,2023-10-10 15:57:00
520,Luka Doncic,2023-2024 Season,31.2,Points Per Game AVG,173,2023-10-25,2023-10-10 15:57:00
521,Luka Doncic,2023-2024 Season,1.5,50+ Point Games,173,2023-10-25,2023-10-10 15:57:00
522,Luka Doncic,2023-2024 Season,13.5,Technical Fouls,173,2023-10-25,2023-10-10 15:57:00
523,Luka Doncic,2023-2024 Season,2.9,3PT Made Per Game AVG,173,2023-10-25,2023-10-10 15:57:00
524,Luka Doncic,2023-2024 Season,8.6,Rebounds Per Game AVG,173,2023-10-25,2023-10-10 15:57:00
525,Luka Doncic,2023-2024 Season,6.5,Triple-Doubles,173,2023-10-25,2023-10-10 15:57:00
526,Luka Doncic,2023-2024 Season,8.1,Assists Per Game AVG,173,2023-10-25,2023-10-10 15:57:00
527,Victor Wembanyama,2023-2024 Season,2.5,30+ Point Games,173,2023-10-25,2023-10-10 15:57:00
528,Victor Wembanyama,2023-2024 Season,17.0,Points Per Game AVG,173,2023-10-25,2023-10-10 15:57:00
529,Victor Wembanyama,2023-2024 Season,8.6,Rebounds Per Game AVG,173,2023-10-25,2023-10-10 15:57:00
530,Kyrie Irving,2023-2024 Season,26.7,Points Per Game AVG,173,2023-10-25,2023-10-10 15:57:00
531,Kyrie Irving,2023-2024 Season,3.5,Technical Fouls,173,2023-10-25,2023-10-10 15:57:00
532,Kyrie Irving,2023-2024 Season,5.5,Double-Doubles,173,2023-10-25,2023-10-10 15:57:00
533,Kyrie Irving,2023-2024 Season,0.5,50+ Point Games,173,2023-10-25,2023-10-10 15:57:00
534,Kyrie Irving,2023-2024 Season,20.5,30+ Point Games,173,2023-10-25,2023-10-10 15:57:00
535,Keldon Johnson,2023-2024 Season,20.8,Points Per Game AVG,173,2023-10-25,2023-10-10 15:57:00
536,Paul George,2023-2024 Season,4.5,Technical Fouls,173,2023-10-25,2023-10-10 15:57:00
537,Nathan Eovaldi,BAL 1+2 Innings,2.0,Pitcher Strikeouts,231,2023-10-10,2023-10-10 15:57:00
538,Nikita Kucherov,2023-2024 Season,108.5,PTS,236,2023-10-10,2023-10-10 15:57:00
539,Dean Kremer,TEX 1+2 Innings,2.0,Pitcher Strikeouts,231,2023-10-10,2023-10-10 15:57:00
540,Steven Stamkos,2023-2024 Season,80.5,PTS,236,2023-10-10,2023-10-10 15:57:00
541,Bijan Robinson,WAS,76.5,Rush Yards,9,2023-10-15,2023-10-10 15:57:00
542,Russell Westbrook,2023-2024 Season,6.9,Assists Per Game AVG,173,2023-10-25,2023-10-10 15:57:00
543,Brian Robinson Jr.,ATL,61.5,Rush Yards,9,2023-10-15,2023-10-10 15:57:00
544,Sidney Crosby,2023-2024 Season,90.5,PTS,236,2023-10-10,2023-10-10 15:57:00
545,Connor Bedard,2023-2024 Season,69.5,PTS,236,2023-10-10,2023-10-10 15:57:00
546,P.J. Tucker,2023-2024 Season,3.5,Technical Fouls,173,2023-10-26,2023-10-10 15:57:00
547,Jack Eichel,2023-2024 Season,75.5,PTS,236,2023-10-10,2023-10-10 15:57:00
548,Matty Beniers,2023-2024 Season,66.5,PTS,236,2023-10-10,2023-10-10 15:57:00
549,Mitch Marner,2023-2024 Season,99.5,PTS,236,2023-10-11,2023-10-10 15:57:00
550,Brady Tkachuk,2023-2024 Season,85.5,PTS,236,2023-10-11,2023-10-10 15:57:00
551,Sebastian Aho,2023-2024 Season,72.5,PTS,236,2023-10-11,2023-10-10 15:57:00
552,David Pastrnak,2023-2024 Season,93.5,PTS,236,2023-10-11,2023-10-10 15:57:00
553,Giannis Antetokounmpo,2023-2024 Season,29.2,Points Per Game AVG,173,2023-10-26,2023-10-10 15:57:00
554,Giannis Antetokounmpo,2023-2024 Season,0.5,50+ Point Games,173,2023-10-24,2023-10-10 15:57:00
555,Giannis Antetokounmpo,2023-2024 Season,4.5,Triple-Doubles,173,2023-10-24,2023-10-10 15:57:00
556,Giannis Antetokounmpo,2023-2024 Season,11.7,Rebounds Per Game AVG,173,2023-10-26,2023-10-10 15:57:00
557,Terry McLaurin,ATL,56.5,Receiving Yards,9,2023-10-15,2023-10-10 15:57:00
558,Brad Marchand,2023-2024 Season,70.5,PTS,236,2023-10-11,2023-10-10 15:57:00
559,Drake London,WAS,44.5,Receiving Yards,9,2023-10-15,2023-10-10 15:57:00
560,Joel Embiid,2023-2024 Season,1.5,50+ Point Games,173,2023-10-26,2023-10-10 15:57:00
561,Joel Embiid,2023-2024 Season,7.5,Technical Fouls,173,2023-10-26,2023-10-10 15:57:00
562,Charlie McAvoy,2023-2024 Season,58.5,PTS,236,2023-10-11,2023-10-10 15:57:00
563,Joel Embiid,2023-2024 Season,0.5,Triple-Doubles,173,2023-10-26,2023-10-10 15:57:00
564,Nathan MacKinnon,2023-2024 Season,112.5,PTS,236,2023-10-11,2023-10-10 15:57:00
565,Bobby Portis,2023-2024 Season,6.5,Technical Fouls,173,2023-10-26,2023-10-10 15:57:00
566,Bobby Portis,2023-2024 Season,9.1,Rebounds Per Game AVG,173,2023-10-26,2023-10-10 15:57:00
567,Connor McDavid,2023-2024 Season,135.5,PTS,236,2023-10-11,2023-10-10 15:57:00
568,Cale Makar,2023-2024 Season,78.5,PTS,236,2023-10-11,2023-10-10 15:57:00
569,Patrick Beverley,2023-2024 Season,0.5,Double-Doubles,173,2023-10-26,2023-10-10 15:57:00
570,Adrian Kempe,2023-2024 Season,67.5,PTS,236,2023-10-11,2023-10-10 15:57:00
571,Patrick Beverley,2023-2024 Season,8.5,Technical Fouls,173,2023-10-26,2023-10-10 15:57:00
572,Cole Perfetti,2023-2024 Season,51.5,PTS,236,2023-10-11,2023-10-10 15:57:00
573,Kyle Connor,2023-2024 Season,84.5,PTS,236,2023-10-11,2023-10-10 15:57:00
574,Adam Fantilli,2023-2024 Season,46.5,PTS,236,2023-10-12,2023-10-10 15:57:00
575,Artemi Panarin,2023-2024 Season,93.5,PTS,236,2023-10-12,2023-10-10 15:57:00
576,Fred VanVleet,IND,11.5,PTS,237,2023-10-10,2023-10-10 15:57:00
577,Tage Thompson,2023-2024 Season,90.5,PTS,236,2023-10-12,2023-10-10 15:57:00
578,Mika Zibanejad,2023-2024 Season,84.5,PTS,236,2023-10-12,2023-10-10 15:57:00
579,Bennedict Mathurin,HOU,16.5,PTS,237,2023-10-10,2023-10-10 15:57:00
580,Jalen Green,IND,14.5,PTS,237,2023-10-10,2023-10-10 15:57:00
581,Rasmus Dahlin,2023-2024 Season,72.5,PTS,236,2023-10-12,2023-10-10 15:57:00
582,Jack Hughes,2023-2024 Season,102.5,PTS,236,2023-10-12,2023-10-10 15:57:00
583,Myles Turner,HOU,9.5,PTS,237,2023-10-10,2023-10-10 15:57:00
584,Dylan Larkin,2023-2024 Season,76.5,PTS,236,2023-10-12,2023-10-10 15:57:00
585,Jabari Smith Jr.,IND,13.5,PTS,237,2023-10-10,2023-10-10 15:57:00
586,Nico Hischier,2023-2024 Season,77.5,PTS,236,2023-10-12,2023-10-10 15:57:00
587,Obi Toppin,HOU,10.5,PTS,237,2023-10-10,2023-10-10 15:57:00
588,Tyler Toffoli,2023-2024 Season,70.5,PTS,236,2023-10-12,2023-10-10 15:57:00
589,Kirill Kaprizov,2023-2024 Season,97.5,PTS,236,2023-10-12,2023-10-10 15:57:00
590,Jason Robertson,2023-2024 Season,102.5,PTS,236,2023-10-12,2023-10-10 15:57:00
591,Jordan Kyrou,2023-2024 Season,74.5,PTS,236,2023-10-12,2023-10-10 15:57:00
592,Roope Hintz,2023-2024 Season,79.5,PTS,236,2023-10-12,2023-10-10 15:57:00
593,Clayton Keller,2023-2024 Season,84.5,PTS,236,2023-10-13,2023-10-10 15:57:00
594,Alex Ovechkin,2023-2024 Season,71.5,PTS,236,2023-10-13,2023-10-10 15:57:00
595,Brock Nelson,2023-2024 Season,66.5,PTS,236,2023-10-14,2023-10-10 15:57:00
596,Trevor Zegras,2023-2024 Season,67.5,PTS,236,2023-10-14,2023-10-10 15:57:00
597,Cole Kmet,MIN,36.5,Receiving Yards,9,2023-10-15,2023-10-10 15:57:00
598,Scoot Henderson,,12.5,PTS,237,2023-10-10,2023-10-10 15:57:00
599,Deandre Ayton,,14.5,PTS,237,2023-10-10,2023-10-10 15:57:00
600,Anfernee Simons,,13.5,PTS,237,2023-10-10,2023-10-10 15:57:00
601,CJ McCollum,ORL,10.5,PTS,237,2023-10-10,2023-10-10 15:57:00
602,Geno Smith,CIN,248.5,Pass Yards,9,2023-10-15,2023-10-10 15:57:00
603,Petr Mrazek,2023-2024 Season,14.5,Goalie Wins,236,2023-10-10,2023-10-10 15:57:00
604,Kenneth Walker III,CIN,0.5,Pass+Rush+Rec TDs,9,2023-10-15,2023-10-10 15:57:00
605,Kenneth Walker III,CIN,64.5,Rush Yards,9,2023-10-15,2023-10-10 15:57:00
606,Herbert Jones,ORL,5.5,PTS,237,2023-10-10,2023-10-10 15:57:00
607,Franz Wagner,NOP,11.5,PTS,237,2023-10-10,2023-10-10 15:57:00
608,Joe Mixon,SEA,62.5,Rush Yards,9,2023-10-15,2023-10-10 15:57:00
609,Tristan Jarry,2023-2024 Season,28.5,Goalie Wins,236,2023-10-10,2023-10-10 15:57:00
610,Brandon Ingram,ORL,11.5,PTS,237,2023-10-10,2023-10-10 15:57:00
611,Adin Hill,2023-2024 Season,26.5,Goalie Wins,236,2023-10-10,2023-10-10 15:57:00
612,Paolo Banchero,NOP,13.5,PTS,237,2023-10-10,2023-10-10 15:57:00
613,Philipp Grubauer,2023-2024 Season,25.5,Goalie Wins,236,2023-10-10,2023-10-10 15:57:00
614,Frederik Andersen,2023-2024 Season,30.5,Goalie Wins,236,2023-10-11,2023-10-10 15:57:00
615,Zion Williamson,ORL,11.5,PTS,237,2023-10-10,2023-10-10 15:57:00
616,Ilya Samsonov,2023-2024 Season,32.5,Goalie Wins,236,2023-10-11,2023-10-10 15:57:00
617,Wendell Carter Jr.,NOP,9.5,PTS,237,2023-10-10,2023-10-10 15:57:00
618,Jonas Valanciunas,ORL,8.5,PTS,237,2023-10-10,2023-10-10 15:57:00
619,Joonas Korpisalo,2023-2024 Season,24.5,Goalie Wins,236,2023-10-11,2023-10-10 15:57:00
620,Jeremy Swayman,2023-2024 Season,20.5,Goalie Wins,236,2023-10-11,2023-10-10 15:57:00
621,Linus Ullmark,2023-2024 Season,26.5,Goalie Wins,236,2023-10-11,2023-10-10 15:57:00
622,D.K. Metcalf,CIN,64.5,Receiving Yards,9,2023-10-15,2023-10-10 15:57:00
623,Ja'Marr Chase,SEA,85.5,Receiving Yards,9,2023-10-15,2023-10-10 15:57:00
624,Alexandar Georgiev,2023-2024 Season,34.5,Goalie Wins,236,2023-10-11,2023-10-10 15:57:00
625,Tyler Lockett,CIN,54.5,Receiving Yards,9,2023-10-15,2023-10-10 15:57:00
626,Connor Hellebuyck,2023-2024 Season,31.5,Goalie Wins,236,2023-10-11,2023-10-10 15:57:00
627,Jacob Markstrom,2023-2024 Season,29.5,Goalie Wins,236,2023-10-11,2023-10-10 15:57:00
628,Pheonix Copley,2023-2024 Season,22.5,Goalie Wins,236,2023-10-11,2023-10-10 15:57:00
629,Stuart Skinner,2023-2024 Season,31.5,Goalie Wins,236,2023-10-11,2023-10-10 15:57:00
630,Thatcher Demko,2023-2024 Season,27.5,Goalie Wins,236,2023-10-11,2023-10-10 15:57:00
631,Carter Hart,2023-2024 Season,22.5,Goalie Wins,236,2023-10-12,2023-10-10 15:57:00
632,Devon Levi,2023-2024 Season,24.5,Goalie Wins,236,2023-10-12,2023-10-10 15:57:00
633,Elvis Merzlikins,2023-2024 Season,20.5,Goalie Wins,236,2023-10-12,2023-10-10 15:57:00
634,Igor Shesterkin,2023-2024 Season,34.5,Goalie Wins,236,2023-10-12,2023-10-10 15:57:00
635,Ville Husso,2023-2024 Season,26.5,Goalie Wins,236,2023-10-12,2023-10-10 15:57:00
636,Vitek Vanecek,2023-2024 Season,26.5,Goalie Wins,236,2023-10-12,2023-10-10 15:57:00
637,Filip Gustavsson,2023-2024 Season,25.5,Goalie Wins,236,2023-10-12,2023-10-10 15:57:00
638,Jake Oettinger,2023-2024 Season,35.5,Goalie Wins,236,2023-10-12,2023-10-10 15:57:00
639,Jordan Binnington,2023-2024 Season,26.5,Goalie Wins,236,2023-10-12,2023-10-10 15:57:00
640,Sergei Bobrovsky,2023-2024 Season,28.5,Goalie Wins,236,2023-10-12,2023-10-10 15:57:00
641,Kaapo Kahkonen,2023-2024 Season,15.5,Goalie Wins,236,2023-10-12,2023-10-10 15:57:00
642,Karel Vejmelka,2023-2024 Season,20.5,Goalie Wins,236,2023-10-13,2023-10-10 15:57:00
643,Darcy Kuemper,2023-2024 Season,24.5,Goalie Wins,236,2023-10-13,2023-10-10 15:57:00
644,Ilya Sorokin,2023-2024 Season,31.5,Goalie Wins,236,2023-10-14,2023-10-10 15:57:00
645,John Gibson,2023-2024 Season,18.5,Goalie Wins,236,2023-10-14,2023-10-10 15:57:00
646,Brock Purdy,CLE,236.5,Pass Yards,9,2023-10-15,2023-10-10 15:57:00
647,Connor Bedard,2023-2024 Season,0.5,Hat Tricks,236,2023-10-10,2023-10-10 15:57:00
648,Damian Lillard,MEM,14.5,PTS,237,2023-10-10,2023-10-10 15:57:00
649,Marcus Smart,MIL,7.5,PTS,237,2023-10-10,2023-10-10 15:57:00
650,Desmond Bane,MIL,15.5,PTS,237,2023-10-10,2023-10-10 15:57:00
651,Luke Kennard,MIL,9.5,PTS,237,2023-10-10,2023-10-10 15:57:00
652,Giannis Antetokounmpo,MEM,14.5,PTS,237,2023-10-10,2023-10-10 15:57:00
653,Jaren Jackson Jr.,MIL,13.5,PTS,237,2023-10-10,2023-10-10 15:57:00
654,Steven Adams,MIL,5.5,PTS,237,2023-10-10,2023-10-10 15:57:00
655,Brandon Aiyuk,CLE,57.5,Receiving Yards,9,2023-10-15,2023-10-10 15:57:00
656,Amari Cooper,SF,59.5,Receiving Yards,9,2023-10-15,2023-10-10 15:57:00
657,Deebo Samuel,CLE,47.5,Receiving Yards,9,2023-10-15,2023-10-10 15:57:00
658,George Kittle,CLE,40.5,Receiving Yards,9,2023-10-15,2023-10-10 15:57:00
659,C.J. Stroud,NO,242.5,Pass Yards,9,2023-10-15,2023-10-10 15:57:00
660,Nikita Kucherov,NSH,3.5,Shots On Goal,8,2023-10-10,2023-10-10 15:57:00
661,Filip Forsberg,TB,3.0,Shots On Goal,8,2023-10-10,2023-10-10 15:57:00
662,Steven Stamkos,NSH,3.0,Shots On Goal,8,2023-10-10,2023-10-10 15:57:00
663,Alvin Kamara,HOU,68.5,Rush Yards,9,2023-10-15,2023-10-10 15:57:00
664,Dameon Pierce,NO,54.5,Rush Yards,9,2023-10-15,2023-10-10 15:57:00
665,Roman Josi,TB,3.5,Shots On Goal,8,2023-10-10,2023-10-10 15:57:00
666,Brayden Point,NSH,3.0,Shots On Goal,8,2023-10-10,2023-10-10 15:57:00
667,Ryan O'Reilly,TB,2.0,Shots On Goal,8,2023-10-10,2023-10-10 15:57:00
668,Victor Hedman,NSH,2.5,Shots On Goal,8,2023-10-10,2023-10-10 15:57:00
669,Cody Glass,TB,2.0,Shots On Goal,8,2023-10-10,2023-10-10 15:57:00
670,Brandon Hagel,NSH,2.0,Shots On Goal,8,2023-10-10,2023-10-10 15:57:00
671,Luke Evangelista,TB,2.0,Shots On Goal,8,2023-10-10,2023-10-10 15:57:00
672,Michael Thomas,HOU,55.5,Receiving Yards,9,2023-10-15,2023-10-10 15:57:00
673,Tyson Barrie,TB,2.0,Shots On Goal,8,2023-10-10,2023-10-10 15:57:00
674,Anthony Cirelli,NSH,2.0,Shots On Goal,8,2023-10-10,2023-10-10 15:57:00
675,Mikhail Sergachev,NSH,2.0,Shots On Goal,8,2023-10-10,2023-10-10 15:57:00
676,Nikita Kucherov,NSH,20.0,Time On Ice,8,2023-10-10,2023-10-10 15:57:00
677,Adley Rutschman,TEX,1.5,Hits+Runs+RBIS,2,2023-10-10,2023-10-10 15:57:00
678,Adley Rutschman + Corey Seager,TEX/BAL,4.0,Hits+Runs+RBIs (Combo),2,2023-10-10,2023-10-10 15:57:00
679,Filip Forsberg,TB,17.5,Time On Ice,8,2023-10-10,2023-10-10 15:57:00
680,Gunnar Henderson + Marcus Semien,TEX/BAL,3.5,Hits+Runs+RBIs (Combo),2,2023-10-10,2023-10-10 15:57:00
681,Dean Kremer + Nathan Eovaldi,TEX/BAL,0.5,1st Inning Runs Allowed,2,2023-10-10,2023-10-10 15:57:00
682,Victor Hedman,NSH,24.0,Time On Ice,8,2023-10-10,2023-10-10 15:57:00
683,Adolis Garcia,BAL,1.5,Hits+Runs+RBIS,2,2023-10-10,2023-10-10 15:57:00
684,Roman Josi,TB,25.0,Time On Ice,8,2023-10-10,2023-10-10 15:57:00
685,Anthony Santander,TEX,1.5,Hits+Runs+RBIS,2,2023-10-10,2023-10-10 15:57:00
686,Mitch Garver,BAL,1.5,Hits+Runs+RBIS,2,2023-10-10,2023-10-10 15:57:00
687,Mikhail Sergachev,NSH,23.75,Time On Ice,8,2023-10-10,2023-10-10 15:57:00
688,Ryan Mountcastle,TEX,1.5,Hits+Runs+RBIS,2,2023-10-10,2023-10-10 15:57:00
689,Ryan McDonagh,TB,21.75,Time On Ice,8,2023-10-10,2023-10-10 15:57:00
690,Tanner Jeannot,NSH,3.5,Hits,8,2023-10-10,2023-10-10 15:57:00
691,Corey Seager,BAL,0.5,Runs,2,2023-10-10,2023-10-10 15:57:00
692,Luke Schenn,TB,4.5,Hits,8,2023-10-10,2023-10-10 15:57:00
693,Gunnar Henderson,TEX,0.5,Runs,2,2023-10-10,2023-10-10 15:57:00
694,Marcus Semien,BAL,0.5,Runs,2,2023-10-10,2023-10-10 15:57:00
695,Conor Sheary,NSH,0.5,Hits,8,2023-10-10,2023-10-10 15:57:00
696,Roman Josi,TB,0.5,Hits,8,2023-10-10,2023-10-10 15:57:00
697,Adolis Garcia,BAL,0.5,Runs,2,2023-10-10,2023-10-10 15:57:00
698,Anthony Cirelli,NSH,7.5,Faceoffs Won,8,2023-10-10,2023-10-10 15:57:00
699,Adam Frazier,TEX,0.5,Hitter Strikeouts,2,2023-10-10,2023-10-10 15:57:00
700,Corey Seager,BAL,1.5,Total Bases,2,2023-10-10,2023-10-10 15:57:00
701,Ryan O'Reilly,TB,9.0,Faceoffs Won,8,2023-10-10,2023-10-10 15:57:00
702,Adam Frazier,TEX,0.5,Total Bases,2,2023-10-10,2023-10-10 15:57:00
703,Sidney Crosby,CHI,12.0,Faceoffs Won,8,2023-10-10,2023-10-10 15:57:00
704,William Karlsson,SEA,7.5,Faceoffs Won,8,2023-10-10,2023-10-10 15:57:00
705,Travis Etienne,IND,68.5,Rush Yards,9,2023-10-15,2023-10-10 15:57:00
706,Travis Etienne,IND,0.5,Pass+Rush+Rec TDs,9,2023-10-15,2023-10-10 15:57:00
707,Calvin Ridley,IND,62.5,Receiving Yards,9,2023-10-15,2023-10-10 15:57:00
708,Christian Kirk,IND,59.5,Receiving Yards,9,2023-10-15,2023-10-10 15:57:00
709,Sidney Crosby,CHI,3.0,Shots On Goal,8,2023-10-10,2023-10-10 15:57:00
710,Tua Tagovailoa,CAR,284.5,Pass Yards,9,2023-10-15,2023-10-10 15:57:00
711,Trevor Lawrence,IND,245.5,Pass Yards,9,2023-10-15,2023-10-10 15:57:00
712,Connor Bedard,PIT,3.0,Shots On Goal,8,2023-10-10,2023-10-10 15:57:00
713,Russell Westbrook,UTA,9.5,PTS,237,2023-10-10,2023-10-10 15:57:00
714,Evgeni Malkin,CHI,3.0,Shots On Goal,8,2023-10-10,2023-10-10 15:57:00
715,Paul George,UTA,11.5,PTS,237,2023-10-10,2023-10-10 15:57:00
716,Taylor Hall,PIT,2.0,Shots On Goal,8,2023-10-10,2023-10-10 15:57:00
717,Erik Karlsson,CHI,2.5,Shots On Goal,8,2023-10-10,2023-10-10 15:57:00
718,Lauri Markkanen,LAC,14.5,PTS,237,2023-10-10,2023-10-10 15:57:00
719,Kawhi Leonard,UTA,10.5,PTS,237,2023-10-10,2023-10-10 15:57:00
720,Kris Letang,CHI,2.5,Shots On Goal,8,2023-10-10,2023-10-10 15:57:00
721,John Collins,LAC,8.5,PTS,237,2023-10-10,2023-10-10 15:57:00
722,Tyler Johnson,PIT,2.0,Shots On Goal,8,2023-10-10,2023-10-10 15:57:00
723,Walker Kessler,LAC,8.5,PTS,237,2023-10-10,2023-10-10 15:57:00
724,Bryan Rust,CHI,2.5,Shots On Goal,8,2023-10-10,2023-10-10 15:57:00
725,Seth Jones,PIT,2.0,Shots On Goal,8,2023-10-10,2023-10-10 15:57:00
726,Jake Guentzel,CHI,3.0,Shots On Goal,8,2023-10-10,2023-10-10 15:57:00
727,Tyreek Hill,CAR,91.5,Receiving Yards,9,2023-10-15,2023-10-10 15:57:00
728,Tyreek Hill,CAR,0.5,Pass+Rush+Rec TDs,9,2023-10-15,2023-10-10 15:57:00
729,Adam Thielen,MIA,68.5,Receiving Yards,9,2023-10-15,2023-10-10 15:57:00
730,Jaylen Waddle,CAR,63.5,Receiving Yards,9,2023-10-15,2023-10-10 15:57:00
731,Sidney Crosby,CHI,20.0,Time On Ice,8,2023-10-10,2023-10-10 15:57:00
732,Seth Jones,PIT,24.75,Time On Ice,8,2023-10-10,2023-10-10 15:57:00
733,Matt Olson,PHI,1.5,Hits+Runs+RBIS,2,2023-10-11,2023-10-10 15:57:00
734,Ronald Acuna Jr. + Bryce Harper,PHI/ATL,4.0,Hits+Runs+RBIs (Combo),2,2023-10-11,2023-10-10 15:57:00
735,Matt Olson + Trea Turner,PHI/ATL,4.0,Hits+Runs+RBIs (Combo),2,2023-10-11,2023-10-10 15:57:00
736,Kyle Schwarber,ATL,1.5,Hits+Runs+RBIS,2,2023-10-11,2023-10-10 15:57:00
737,Erik Karlsson,CHI,23.25,Time On Ice,8,2023-10-10,2023-10-10 15:57:00
738,Marcell Ozuna,PHI,1.5,Hits+Runs+RBIS,2,2023-10-11,2023-10-10 15:57:00
739,Connor Murphy,PIT,19.5,Time On Ice,8,2023-10-10,2023-10-10 15:57:00
740,Bryson Stott,ATL,1.5,Hits+Runs+RBIS,2,2023-10-11,2023-10-10 15:57:00
741,Austin Riley,PHI,1.5,Hits+Runs+RBIS,2,2023-10-11,2023-10-10 15:57:00
742,Marcus Pettersson,CHI,1.5,Hits,8,2023-10-10,2023-10-10 15:57:00
743,J.T. Realmuto,ATL,1.5,Hits+Runs+RBIS,2,2023-10-11,2023-10-10 15:57:00
744,Connor Bedard,PIT,0.5,Hits,8,2023-10-10,2023-10-10 15:57:00
745,Bryce Harper,ATL,0.5,Runs,2,2023-10-11,2023-10-10 15:57:00
746,Matt Olson,PHI,0.5,Runs,2,2023-10-11,2023-10-10 15:57:00
747,Rickard Rakell,CHI,1.5,Hits,8,2023-10-10,2023-10-10 15:57:00
748,Ronald Acuna Jr.,PHI,1.5,Total Bases,2,2023-10-11,2023-10-10 15:57:00
749,Trea Turner,ATL,1.5,Total Bases,2,2023-10-11,2023-10-10 15:57:00
750,Christian Walker,LAD,1.5,Hits+Runs+RBIS,2,2023-10-11,2023-10-10 15:57:00
751,Freddie Freeman + Corbin Carroll,ARI/LAD,4.0,Hits+Runs+RBIs (Combo),2,2023-10-11,2023-10-10 15:57:00
752,Mookie Betts + Ketel Marte,ARI/LAD,3.5,Hits+Runs+RBIs (Combo),2,2023-10-11,2023-10-10 15:57:00
753,J.D. Martinez,ARI,1.5,Hits+Runs+RBIS,2,2023-10-11,2023-10-10 15:57:00
754,Gabriel Moreno,LAD,1.5,Hits+Runs+RBIS,2,2023-10-11,2023-10-10 15:57:00
755,Max Muncy,ARI,1.5,Hits+Runs+RBIS,2,2023-10-11,2023-10-10 15:57:00
756,Lourdes Gurriel Jr.,LAD,1.5,Hits+Runs+RBIS,2,2023-10-11,2023-10-10 15:57:00
757,Tommy Pham,LAD,1.5,Hits+Runs+RBIS,2,2023-10-11,2023-10-10 15:57:00
758,Freddie Freeman,ARI,0.5,Runs,2,2023-10-11,2023-10-10 15:57:00
759,Corbin Carroll,LAD,0.5,Runs,2,2023-10-11,2023-10-10 15:57:00
760,Mookie Betts,ARI,0.5,Runs,2,2023-10-11,2023-10-10 15:57:00
761,Ketel Marte,LAD,0.5,Runs,2,2023-10-11,2023-10-10 15:57:00
762,Max Muncy,ARI,0.5,Runs,2,2023-10-11,2023-10-10 15:57:00
763,David Peralta,ARI,0.5,Hitter Strikeouts,2,2023-10-11,2023-10-10 15:57:00
764,Jason Heyward,ARI,0.5,Hitter Strikeouts,2,2023-10-11,2023-10-10 15:57:00
765,Freddie Freeman,ARI,1.5,Total Bases,2,2023-10-11,2023-10-10 15:57:00
766,Evan Longoria,LAD,0.5,Total Bases,2,2023-10-11,2023-10-10 15:57:00
767,Mookie Betts,ARI,1.5,Total Bases,2,2023-10-11,2023-10-10 15:57:00
768,Geraldo Perdomo,LAD,0.5,Total Bases,2,2023-10-11,2023-10-10 15:57:00
769,Jack Eichel,SEA,3.0,Shots On Goal,8,2023-10-10,2023-10-10 15:57:00
770,Cryptic,Forsaken,15.0,MAP 3 Kills,265,2023-10-10,2023-10-10 15:57:00
771,Matty Beniers,VGK,2.0,Shots On Goal,8,2023-10-10,2023-10-10 15:57:00
772,SLIGHT,Forsaken,14.5,MAP 3 Kills,265,2023-10-10,2023-10-10 15:57:00
773,Jonathan Marchessault,SEA,3.0,Shots On Goal,8,2023-10-10,2023-10-10 15:57:00
774,brett,Forsaken,14.5,MAP 3 Kills,265,2023-10-10,2023-10-10 15:57:00
775,Rachaad White,DET,51.5,Rush Yards,9,2023-10-15,2023-10-10 15:57:00
776,d4rty,Forsaken,14.5,MAP 3 Kills,265,2023-10-10,2023-10-10 15:57:00
777,Jared McCann,VGK,3.0,Shots On Goal,8,2023-10-10,2023-10-10 15:57:00
778,freshie,Forsaken,14.0,MAP 3 Kills,265,2023-10-10,2023-10-10 15:57:00
779,Mark Stone,SEA,2.5,Shots On Goal,8,2023-10-10,2023-10-10 15:57:00
780,Oliver Bjorkstrand,VGK,2.5,Shots On Goal,8,2023-10-10,2023-10-10 15:57:00
781,JBa,Wildcard,16.0,MAP 3 Kills,265,2023-10-10,2023-10-10 15:57:00
782,Infinite,Wildcard,15.0,MAP 3 Kills,265,2023-10-10,2023-10-10 15:57:00
783,Alex Pietrangelo,SEA,2.0,Shots On Goal,8,2023-10-10,2023-10-10 15:57:00
784,cxzi,Wildcard,15.0,MAP 3 Kills,265,2023-10-10,2023-10-10 15:57:00
785,Eeli Tolvanen,VGK,2.0,Shots On Goal,8,2023-10-10,2023-10-10 15:57:00
786,wiz,Wildcard,14.5,MAP 3 Kills,265,2023-10-10,2023-10-10 15:57:00
787,Shea Theodore,SEA,2.0,Shots On Goal,8,2023-10-10,2023-10-10 15:57:00
788,Jaden Schwartz,VGK,2.0,Shots On Goal,8,2023-10-10,2023-10-10 15:57:00
789,stanislaw,Wildcard,13.0,MAP 3 Kills,265,2023-10-10,2023-10-10 15:57:00
790,Mike Evans,DET,60.5,Receiving Yards,9,2023-10-15,2023-10-10 15:57:00
791,Cryptic,Forsaken,7.0,MAP 3 Headshots,265,2023-10-10,2023-10-10 15:57:00
792,Jordan Eberle,VGK,2.0,Shots On Goal,8,2023-10-10,2023-10-10 15:57:00
793,SLIGHT,Forsaken,4.0,MAP 3 Headshots,265,2023-10-10,2023-10-10 15:57:00
794,brett,Forsaken,7.0,MAP 3 Headshots,265,2023-10-10,2023-10-10 15:57:00
795,d4rty,Forsaken,7.0,MAP 3 Headshots,265,2023-10-10,2023-10-10 15:57:00
796,freshie,Forsaken,6.5,MAP 3 Headshots,265,2023-10-10,2023-10-10 15:57:00
797,JBa,Wildcard,9.0,MAP 3 Headshots,265,2023-10-10,2023-10-10 15:57:00
798,Infinite,Wildcard,8.0,MAP 3 Headshots,265,2023-10-10,2023-10-10 15:57:00
799,cxzi,Wildcard,6.0,MAP 3 Headshots,265,2023-10-10,2023-10-10 15:57:00
800,wiz,Wildcard,4.5,MAP 3 Headshots,265,2023-10-10,2023-10-10 15:57:00
801,stanislaw,Wildcard,7.0,MAP 3 Headshots,265,2023-10-10,2023-10-10 15:57:00
802,Jack Eichel,SEA,18.5,Time On Ice,8,2023-10-10,2023-10-10 15:57:00
803,Matty Beniers,VGK,17.5,Time On Ice,8,2023-10-10,2023-10-10 15:57:00
804,Shea Theodore,SEA,21.5,Time On Ice,8,2023-10-10,2023-10-10 15:57:00
805,Yanni Gourde,VGK,17.0,Time On Ice,8,2023-10-10,2023-10-10 15:57:00
806,Alex Pietrangelo,SEA,23.5,Time On Ice,8,2023-10-10,2023-10-10 15:57:00
807,Vince Dunn,VGK,23.5,Time On Ice,8,2023-10-10,2023-10-10 15:57:00
808,Keegan Kolesar,SEA,3.5,Hits,8,2023-10-10,2023-10-10 15:57:00
809,Adam Larsson,VGK,2.5,Hits,8,2023-10-10,2023-10-10 15:57:00
810,Brayden McNabb,SEA,2.5,Hits,8,2023-10-10,2023-10-10 15:57:00
811,Jaden Schwartz,VGK,0.5,Hits,8,2023-10-10,2023-10-10 15:57:00
812,Joshua Dobbs,LAR,199.5,Pass Yards,9,2023-10-15,2023-10-10 15:57:00
813,Matthew Stafford,ARI,268.5,Pass Yards,9,2023-10-15,2023-10-10 15:57:00
814,Cooper Kupp,ARI,86.5,Receiving Yards,9,2023-10-15,2023-10-10 15:57:00
815,Marquise Brown,LAR,54.5,Receiving Yards,9,2023-10-15,2023-10-10 15:57:00
816,Puka Nacua,ARI,71.5,Receiving Yards,9,2023-10-15,2023-10-10 15:57:00
817,Taylor Hall,PIT,0.5,PTS,8,2023-10-10,2023-10-10 15:57:00
818,Sidney Crosby,CHI,0.5,AST,8,2023-10-10,2023-10-10 15:57:00
819,junior,Nouns,16.0,MAP 3 Kills,265,2023-10-10,2023-10-10 15:57:00
820,Shea Theodore,SEA,0.5,PTS,8,2023-10-10,2023-10-10 15:57:00
821,Zach Wilson,PHI,195.5,Pass Yards,9,2023-10-15,2023-10-10 15:57:00
822,Jalen Hurts,NYJ,0.5,Rush TDs,9,2023-10-15,2023-10-10 15:57:00
823,autimatic,Nouns,15.0,MAP 3 Kills,265,2023-10-10,2023-10-10 15:57:00
824,Andre Burakovsky,VGK,0.5,PTS,8,2023-10-10,2023-10-10 15:57:00
825,Jalen Hurts,NYJ,239.5,Pass Yards,9,2023-10-15,2023-10-10 15:57:00
826,Breece Hall,PHI,59.5,Rush Yards,9,2023-10-15,2023-10-10 15:57:00
827,HexT,Nouns,14.5,MAP 3 Kills,265,2023-10-10,2023-10-10 15:57:00
828,Jeorge,Nouns,13.5,MAP 3 Kills,265,2023-10-10,2023-10-10 15:57:00
829,D'Andre Swift,NYJ,64.5,Rush Yards,9,2023-10-15,2023-10-10 15:57:00
830,Walco,Nouns,12.5,MAP 3 Kills,265,2023-10-10,2023-10-10 15:57:00
831,nosraC,Evil Geniuses,14.0,MAP 3 Kills,265,2023-10-10,2023-10-10 15:57:00
832,Bwills,Evil Geniuses,14.5,MAP 3 Kills,265,2023-10-10,2023-10-10 15:57:00
833,MarKE,Evil Geniuses,15.0,MAP 3 Kills,265,2023-10-10,2023-10-10 15:57:00
834,cynic,Evil Geniuses,13.5,MAP 3 Kills,265,2023-10-10,2023-10-10 15:57:00
835,A.J. Brown,NYJ,77.5,Receiving Yards,9,2023-10-15,2023-10-10 15:57:00
836,cJ,Evil Geniuses,13.5,MAP 3 Kills,265,2023-10-10,2023-10-10 15:57:00
837,junior,Nouns,5.0,MAP 3 Headshots,265,2023-10-10,2023-10-10 15:57:00
838,Garrett Wilson,PHI,55.5,Receiving Yards,9,2023-10-15,2023-10-10 15:57:00
839,autimatic,Nouns,8.5,MAP 3 Headshots,265,2023-10-10,2023-10-10 15:57:00
840,DeVonta Smith,NYJ,63.5,Receiving Yards,9,2023-10-15,2023-10-10 15:57:00
841,HexT,Nouns,7.0,MAP 3 Headshots,265,2023-10-10,2023-10-10 15:57:00
842,Jeorge,Nouns,7.5,MAP 3 Headshots,265,2023-10-10,2023-10-10 15:57:00
843,Dallas Goedert,NYJ,41.5,Receiving Yards,9,2023-10-15,2023-10-10 15:57:00
844,Walco,Nouns,7.5,MAP 3 Headshots,265,2023-10-10,2023-10-10 15:57:00
845,nosraC,Evil Geniuses,6.5,MAP 3 Headshots,265,2023-10-10,2023-10-10 15:57:00
846,Bwills,Evil Geniuses,7.5,MAP 3 Headshots,265,2023-10-10,2023-10-10 15:57:00
847,MarKE,Evil Geniuses,8.5,MAP 3 Headshots,265,2023-10-10,2023-10-10 15:57:00
848,cynic,Evil Geniuses,5.0,MAP 3 Headshots,265,2023-10-10,2023-10-10 15:57:00
849,cJ,Evil Geniuses,7.5,MAP 3 Headshots,265,2023-10-10,2023-10-10 15:57:00
850,Jonas Johansson,NSH,26.5,Goalie Saves,8,2023-10-10,2023-10-10 15:57:00
851,Josh Allen,NYG,260.5,Pass Yards,9,2023-10-15,2023-10-10 15:57:00
852,Juuse Saros,TB,30.5,Goalie Saves,8,2023-10-10,2023-10-10 15:57:00
853,Jonas Johansson + Juuse Saros,NSH/TB,57.5,Goalie Saves (Combo),8,2023-10-10,2023-10-10 15:57:00
854,Tristan Jarry,CHI,25.5,Goalie Saves,8,2023-10-10,2023-10-10 15:57:00
855,Petr Mrazek,PIT,31.5,Goalie Saves,8,2023-10-10,2023-10-10 15:57:00
856,Tristan Jarry + Petr Mrazek,CHI/PIT,56.5,Goalie Saves (Combo),8,2023-10-10,2023-10-10 15:57:00
857,Adin Hill,SEA,26.5,Goalie Saves,8,2023-10-10,2023-10-10 15:57:00
858,Philipp Grubauer,VGK,26.5,Goalie Saves,8,2023-10-10,2023-10-10 15:57:00
859,Adin Hill + Philipp Grubauer,SEA/VGK,53.5,Goalie Saves (Combo),8,2023-10-10,2023-10-10 15:57:00
860,Stefon Diggs,NYG,84.5,Receiving Yards,9,2023-10-15,2023-10-10 15:57:00
861,Gabriel Davis,NYG,45.5,Receiving Yards,9,2023-10-15,2023-10-10 15:57:00
862,Nikita Kucherov + Filip Forsberg,NSH/TB,6.5,Shots On Goal (Combo),8,2023-10-10,2023-10-10 15:57:00
863,Dak Prescott,LAC,248.5,Pass Yards,9,2023-10-16,2023-10-10 15:57:00
864,Victor Hedman + Roman Josi,NSH/TB,6.0,Shots On Goal (Combo),8,2023-10-10,2023-10-10 15:57:00
865,Justin Herbert,DAL,283.5,Pass Yards,9,2023-10-16,2023-10-10 15:57:00
866,Tony Pollard,LAC,70.5,Rush Yards,9,2023-10-16,2023-10-10 15:57:00
867,Connor Bedard + Erik Karlsson,CHI/PIT,5.5,Shots On Goal (Combo),8,2023-10-10,2023-10-10 15:57:00
868,Sidney Crosby + Andreas Athanasiou,CHI/PIT,5.5,Shots On Goal (Combo),8,2023-10-10,2023-10-10 15:57:00
869,Mark Stone + Jared McCann,SEA/VGK,5.5,Shots On Goal (Combo),8,2023-10-10,2023-10-10 15:57:00
870,Jack Eichel + Oliver Bjorkstrand,SEA/VGK,5.5,Shots On Goal (Combo),8,2023-10-10,2023-10-10 15:57:00
871,CeeDee Lamb,LAC,69.5,Receiving Yards,9,2023-10-16,2023-10-10 15:57:00
872,Keenan Allen,DAL,74.5,Receiving Yards,9,2023-10-16,2023-10-10 15:57:00
873,Dean Kremer + Nathan Eovaldi,TEX/BAL,8.0,Pitcher Strikeouts (Combo),2,2023-10-10,2023-10-10 15:57:00
874,Nikita Kucherov + Sidney Crosby,PIT/TB,2.5,Points (Combo),8,2023-10-10,2023-10-10 15:57:00
875,Jun Woo Jeon,Doosan Bears,1.5,Total Bases,135,2023-10-11,2023-10-10 15:57:00
876,Park Se-woong,Doosan Bears,4.5,Pitcher Strikeouts,135,2023-10-11,2023-10-10 15:57:00
877,Choi Won-joon,Lotte Giants,2.5,Pitcher Strikeouts,135,2023-10-11,2023-10-10 15:57:00
878,Jin Hyuk No,Doosan Bears,0.5,Total Bases,135,2023-10-11,2023-10-10 15:57:00
879,Eui Ji Yang,Lotte Giants,1.5,Total Bases,135,2023-10-11,2023-10-10 15:57:00
880,Yang Hyeon-jong,Kiwoom Heroes,4.5,Pitcher Strikeouts,135,2023-10-11,2023-10-10 15:57:00
881,Jae Hwan Kim,Lotte Giants,0.5,Total Bases,135,2023-10-11,2023-10-10 15:57:00
882,Park Se-woong,Doosan Bears,5.5,Hits Allowed,135,2023-10-11,2023-10-10 15:57:00
883,Socrates Brito,Kiwoom Heroes,1.5,Total Bases,135,2023-10-11,2023-10-10 15:57:00
884,Choi Won-joon,Lotte Giants,5.5,Hits Allowed,135,2023-10-11,2023-10-10 15:57:00
885,Byeon Woo-hyeok,Kiwoom Heroes,0.5,Total Bases,135,2023-10-11,2023-10-10 15:57:00
886,Yang Hyeon-jong,Kiwoom Heroes,5.5,Hits Allowed,135,2023-10-11,2023-10-10 15:57:00
887,Ronnie Dawson,Kia Tigers,1.5,Total Bases,135,2023-10-11,2023-10-10 15:57:00
888,Lee Ju-hyoung,Kia Tigers,1.5,Total Bases,135,2023-10-11,2023-10-10 15:57:00
889,Niko Goodrum,Doosan Bears,2.0,Hits+Runs+RBIS,135,2023-10-11,2023-10-10 15:57:00
890,Yang Suk-Hwan,Lotte Giants,2.0,Hits+Runs+RBIS,135,2023-10-11,2023-10-10 15:57:00
891, Kim Sun-bin,Kiwoom Heroes,2.5,Hits+Runs+RBIS,135,2023-10-11,2023-10-10 15:57:00
892,Song Sung-mun,Kia Tigers,1.5,Hits+Runs+RBIS,135,2023-10-11,2023-10-10 15:57:00
893,Anthony Cirelli,NSH,2.5,SOG + BS,8,2023-10-10,2023-10-10 15:57:00
894,Gustav Nyquist,TB,2.5,SOG + BS,8,2023-10-10,2023-10-10 15:57:00
895,Erik Cernak,NSH,2.5,SOG + BS,8,2023-10-10,2023-10-10 15:57:00
896,Ryan McDonagh,TB,3.5,SOG + BS,8,2023-10-10,2023-10-10 15:57:00
897,Taylor Hall,PIT,2.5,SOG + BS,8,2023-10-10,2023-10-10 15:57:00
898,Erik Karlsson,CHI,3.5,SOG + BS,8,2023-10-10,2023-10-10 15:57:00
899,Tyler Johnson,PIT,2.5,SOG + BS,8,2023-10-10,2023-10-10 15:57:00
900,Alex Pietrangelo,SEA,4.5,SOG + BS,8,2023-10-10,2023-10-10 15:57:00
901,Matty Beniers,VGK,2.5,SOG + BS,8,2023-10-10,2023-10-10 15:57:00
902,Brayden McNabb,SEA,3.5,SOG + BS,8,2023-10-10,2023-10-10 15:57:00
903,Adam Larsson,VGK,3.5,SOG + BS,8,2023-10-10,2023-10-10 15:57:00
904,Nikita Kucherov,NSH,1.0,Shots On Goal,227,2023-10-10,2023-10-10 15:57:00
905,Roman Josi,TB,1.0,Shots On Goal,227,2023-10-10,2023-10-10 15:57:00
906,Brandon Hagel,NSH,0.5,Shots On Goal,227,2023-10-10,2023-10-10 15:57:00
907,Cody Glass,TB,0.5,Shots On Goal,227,2023-10-10,2023-10-10 15:57:00
908,Anthony Cirelli,NSH,0.5,Shots On Goal,227,2023-10-10,2023-10-10 15:57:00
909,Tyson Barrie,TB,0.5,Shots On Goal,227,2023-10-10,2023-10-10 15:57:00
910,Mikhail Sergachev,NSH,0.5,Shots On Goal,227,2023-10-10,2023-10-10 15:57:00
911,Ryan O'Reilly,TB,0.5,Shots On Goal,227,2023-10-10,2023-10-10 15:57:00
912,Jonas Johansson,NSH,9.0,Goalie Saves,227,2023-10-10,2023-10-10 15:57:00
913,Juuse Saros,TB,10.0,Goalie Saves,227,2023-10-10,2023-10-10 15:57:00
914,Sidney Crosby,CHI,1.0,Shots On Goal,227,2023-10-10,2023-10-10 15:57:00
915,Connor Bedard,PIT,1.0,Shots On Goal,227,2023-10-10,2023-10-10 15:57:00
916,Reilly Smith,CHI,0.5,Shots On Goal,227,2023-10-10,2023-10-10 15:57:00
917,Taylor Hall,PIT,0.5,Shots On Goal,227,2023-10-10,2023-10-10 15:57:00
918,Evgeni Malkin,CHI,1.0,Shots On Goal,227,2023-10-10,2023-10-10 15:57:00
919,Tyler Johnson,PIT,0.5,Shots On Goal,227,2023-10-10,2023-10-10 15:57:00
920,Tristan Jarry,CHI,8.5,Goalie Saves,227,2023-10-10,2023-10-10 15:57:00
921,Petr Mrazek,PIT,10.5,Goalie Saves,227,2023-10-10,2023-10-10 15:57:00
922,Jack Eichel,SEA,1.0,Shots On Goal,227,2023-10-10,2023-10-10 15:57:00
923,Matty Beniers,VGK,0.5,Shots On Goal,227,2023-10-10,2023-10-10 15:57:00
924,Jonathan Marchessault,SEA,1.0,Shots On Goal,227,2023-10-10,2023-10-10 15:57:00
925,Jared McCann,VGK,1.0,Shots On Goal,227,2023-10-10,2023-10-10 15:57:00
926,Alex Pietrangelo,SEA,0.5,Shots On Goal,227,2023-10-10,2023-10-10 15:57:00
927,Eeli Tolvanen,VGK,0.5,Shots On Goal,227,2023-10-10,2023-10-10 15:57:00
928,Shea Theodore,SEA,0.5,Shots On Goal,227,2023-10-10,2023-10-10 15:57:00
929,Jordan Eberle,VGK,0.5,Shots On Goal,227,2023-10-10,2023-10-10 15:57:00
930,Adin Hill,SEA,9.0,Goalie Saves,227,2023-10-10,2023-10-10 15:57:00
931,Philipp Grubauer,VGK,9.0,Goalie Saves,227,2023-10-10,2023-10-10 15:57:00
932,Woro2k,B8,16.5,MAP 3 Kills,265,2023-10-12,2023-10-10 15:57:00
933,sdy,B8,15.0,MAP 3 Kills,265,2023-10-12,2023-10-10 15:57:00
934,DemQQ,B8,15.0,MAP 3 Kills,265,2023-10-12,2023-10-10 15:57:00
935,kRaSnaL,B8,14.0,MAP 3 Kills,265,2023-10-12,2023-10-10 15:57:00
936,br0,B8,13.5,MAP 3 Kills,265,2023-10-12,2023-10-10 15:57:00
937,r1nkle,Monte,14.0,MAP 3 Kills,265,2023-10-12,2023-10-10 15:57:00
938,cptkurtka023,Monte,14.0,MAP 3 Kills,265,2023-10-12,2023-10-10 15:57:00
939,OWNER,Monte,13.5,MAP 3 Kills,265,2023-10-12,2023-10-10 15:57:00
940,npl,Monte,12.5,MAP 3 Kills,265,2023-10-12,2023-10-10 15:57:00
941,amster,Monte,10.5,MAP 3 Kills,265,2023-10-12,2023-10-10 15:57:00
942,Woro2k,B8,6.0,MAP 3 Headshots,265,2023-10-12,2023-10-10 15:57:00
943,sdy,B8,7.0,MAP 3 Headshots,265,2023-10-12,2023-10-10 15:57:00
944,DemQQ,B8,7.5,MAP 3 Headshots,265,2023-10-12,2023-10-10 15:57:00
945,kRaSnaL,B8,7.0,MAP 3 Headshots,265,2023-10-12,2023-10-10 15:57:00
946,br0,B8,8.0,MAP 3 Headshots,265,2023-10-12,2023-10-10 15:57:00
947,r1nkle,Monte,5.5,MAP 3 Headshots,265,2023-10-12,2023-10-10 15:57:00
948,cptkurtka023,Monte,8.5,MAP 3 Headshots,265,2023-10-12,2023-10-10 15:57:00
949,OWNER,Monte,7.5,MAP 3 Headshots,265,2023-10-12,2023-10-10 15:57:00
950,npl,Monte,7.0,MAP 3 Headshots,265,2023-10-12,2023-10-10 15:57:00
951,amster,Monte,5.0,MAP 3 Headshots,265,2023-10-12,2023-10-10 15:57:00
952,TruNiQ,FORZE,16.0,MAP 3 Kills,265,2023-10-12,2023-10-10 15:57:00
953,leri511,FORZE,15.5,MAP 3 Kills,265,2023-10-12,2023-10-10 15:57:00
954,fozil,FORZE,15.0,MAP 3 Kills,265,2023-10-12,2023-10-10 15:57:00
955,enzero,FORZE,13.0,MAP 3 Kills,265,2023-10-12,2023-10-10 15:57:00
956,Vert,FORZE,12.0,MAP 3 Kills,265,2023-10-12,2023-10-10 15:57:00
957,r3salt,Space,15.5,MAP 3 Kills,265,2023-10-12,2023-10-10 15:57:00
958,shalfey,Space,15.0,MAP 3 Kills,265,2023-10-12,2023-10-10 15:57:00
959,sstiNiX,Space,14.0,MAP 3 Kills,265,2023-10-12,2023-10-10 15:57:00
960,tN1R,Space,13.0,MAP 3 Kills,265,2023-10-12,2023-10-10 15:57:00
961,matusik,Space,13.5,MAP 3 Kills,265,2023-10-12,2023-10-10 15:57:00
962,TruNiQ,FORZE,8.5,MAP 3 Headshots,265,2023-10-12,2023-10-10 15:57:00
963,leri511,FORZE,5.0,MAP 3 Headshots,265,2023-10-12,2023-10-10 15:57:00
964,fozil,FORZE,8.5,MAP 3 Headshots,265,2023-10-12,2023-10-10 15:57:00
965,enzero,FORZE,7.0,MAP 3 Headshots,265,2023-10-12,2023-10-10 15:57:00
966,Vert,FORZE,6.0,MAP 3 Headshots,265,2023-10-12,2023-10-10 15:57:00
967,r3salt,Space,10.0,MAP 3 Headshots,265,2023-10-12,2023-10-10 15:57:00
968,shalfey,Space,7.0,MAP 3 Headshots,265,2023-10-12,2023-10-10 15:57:00
969,sstiNiX,Space,8.5,MAP 3 Headshots,265,2023-10-12,2023-10-10 15:57:00
970,tN1R,Space,8.0,MAP 3 Headshots,265,2023-10-12,2023-10-10 15:57:00
971,matusik,Space,5.0,MAP 3 Headshots,265,2023-10-12,2023-10-10 15:57:00
972,BOROS,PARIVISION,16.5,MAP 3 Kills,265,2023-10-12,2023-10-10 15:57:00
973,lauNX,PARIVISION,14.5,MAP 3 Kills,265,2023-10-12,2023-10-10 15:57:00
974,bodyy,PARIVISION,14.5,MAP 3 Kills,265,2023-10-12,2023-10-10 15:57:00
975,mhL,PARIVISION,15.0,MAP 3 Kills,265,2023-10-12,2023-10-10 15:57:00
976,NBK-,PARIVISION,12.0,MAP 3 Kills,265,2023-10-12,2023-10-10 15:57:00
977,BELCHONOKK,Falcons,15.0,MAP 3 Kills,265,2023-10-12,2023-10-10 15:57:00
978,xsepower,Falcons,13.5,MAP 3 Kills,265,2023-10-12,2023-10-10 15:57:00
979,X5G7V,Falcons,14.0,MAP 3 Kills,265,2023-10-12,2023-10-10 15:57:00
980,Jerry,Falcons,13.5,MAP 3 Kills,265,2023-10-12,2023-10-10 15:57:00
981,Raijin,Falcons,12.5,MAP 3 Kills,265,2023-10-12,2023-10-10 15:57:00
982,BOROS,PARIVISION,10.5,MAP 3 Headshots,265,2023-10-12,2023-10-10 15:57:00
983,lauNX,PARIVISION,9.0,MAP 3 Headshots,265,2023-10-12,2023-10-10 15:57:00
984,bodyy,PARIVISION,8.0,MAP 3 Headshots,265,2023-10-12,2023-10-10 15:57:00
985,mhL,PARIVISION,5.5,MAP 3 Headshots,265,2023-10-12,2023-10-10 15:57:00
986,NBK-,PARIVISION,7.5,MAP 3 Headshots,265,2023-10-12,2023-10-10 15:57:00
987,BELCHONOKK,Falcons,7.5,MAP 3 Headshots,265,2023-10-12,2023-10-10 15:57:00
988,xsepower,Falcons,4.5,MAP 3 Headshots,265,2023-10-12,2023-10-10 15:57:00
989,X5G7V,Falcons,7.0,MAP 3 Headshots,265,2023-10-12,2023-10-10 15:57:00
990,Jerry,Falcons,7.0,MAP 3 Headshots,265,2023-10-12,2023-10-10 15:57:00
991,Raijin,Falcons,7.0,MAP 3 Headshots,265,2023-10-12,2023-10-10 15:57:00
992,jkaem,Sangal,16.5,MAP 3 Kills,265,2023-10-12,2023-10-10 15:57:00
993,CacaNito,Sangal,14.5,MAP 3 Kills,265,2023-10-12,2023-10-10 15:57:00
994,nawwk,Sangal,15.0,MAP 3 Kills,265,2023-10-12,2023-10-10 15:57:00
995,sense,Sangal,13.0,MAP 3 Kills,265,2023-10-12,2023-10-10 15:57:00
996,kyxsan,Sangal,13.5,MAP 3 Kills,265,2023-10-12,2023-10-10 15:57:00
997,kyuubii,Apeks,15.0,MAP 3 Kills,265,2023-10-12,2023-10-10 15:57:00
998,PANIX,Apeks,13.5,MAP 3 Kills,265,2023-10-12,2023-10-10 15:57:00
999,LNZ,Apeks,12.0,MAP 3 Kills,265,2023-10-12,2023-10-10 15:57:00
1000,sausol,Apeks,11.5,MAP 3 Kills,265,2023-10-12,2023-10-10 15:57:00
1001,Yxngstxr,Apeks,12.0,MAP 3 Kills,265,2023-10-12,2023-10-10 15:57:00
1002,jkaem,Sangal,9.5,MAP 3 Headshots,265,2023-10-12,2023-10-10 15:57:00
1003,CacaNito,Sangal,8.0,MAP 3 Headshots,265,2023-10-12,2023-10-10 15:57:00
1004,nawwk,Sangal,5.5,MAP 3 Headshots,265,2023-10-12,2023-10-10 15:57:00
1005,sense,Sangal,7.0,MAP 3 Headshots,265,2023-10-12,2023-10-10 15:57:00
1006,kyxsan,Sangal,6.5,MAP 3 Headshots,265,2023-10-12,2023-10-10 15:57:00
1007,kyuubii,Apeks,7.5,MAP 3 Headshots,265,2023-10-12,2023-10-10 15:57:00
1008,PANIX,Apeks,4.0,MAP 3 Headshots,265,2023-10-12,2023-10-10 15:57:00
1009,LNZ,Apeks,6.5,MAP 3 Headshots,265,2023-10-12,2023-10-10 15:57:00
1010,sausol,Apeks,6.5,MAP 3 Headshots,265,2023-10-12,2023-10-10 15:57:00
1011,Yxngstxr,Apeks,6.5,MAP 3 Headshots,265,2023-10-12,2023-10-10 15:57:00
1012,KENSI,SINNERS,16.0,MAP 3 Kills,265,2023-10-12,2023-10-10 15:57:00
1013,Norwi,SINNERS,15.5,MAP 3 Kills,265,2023-10-12,2023-10-10 15:57:00
1014,lattykk,SINNERS,14.5,MAP 3 Kills,265,2023-10-12,2023-10-10 15:57:00
1015,Lack1,SINNERS,14.5,MAP 3 Kills,265,2023-10-12,2023-10-10 15:57:00
1016,SELLTER,SINNERS,13.0,MAP 3 Kills,265,2023-10-12,2023-10-10 15:57:00
1017,SHOCK,Aurora,15.0,MAP 3 Kills,265,2023-10-12,2023-10-10 15:57:00
1018,KWERTZZ,Aurora,15.0,MAP 3 Kills,265,2023-10-12,2023-10-10 15:57:00
1019,oskar,Aurora,13.5,MAP 3 Kills,265,2023-10-12,2023-10-10 15:57:00
1020,ZEDKO,Aurora,13.0,MAP 3 Kills,265,2023-10-12,2023-10-10 15:57:00
1021,beastik,Aurora,11.5,MAP 3 Kills,265,2023-10-12,2023-10-10 15:57:00
1022,KENSI,SINNERS,8.5,MAP 3 Headshots,265,2023-10-12,2023-10-10 15:57:00
1023,Norwi,SINNERS,8.0,MAP 3 Headshots,265,2023-10-12,2023-10-10 15:57:00
1024,lattykk,SINNERS,5.5,MAP 3 Headshots,265,2023-10-12,2023-10-10 15:57:00
1025,Lack1,SINNERS,7.5,MAP 3 Headshots,265,2023-10-12,2023-10-10 15:57:00
1026,SELLTER,SINNERS,7.0,MAP 3 Headshots,265,2023-10-12,2023-10-10 15:57:00
1027,SHOCK,Aurora,8.0,MAP 3 Headshots,265,2023-10-12,2023-10-10 15:57:00
1028,KWERTZZ,Aurora,9.5,MAP 3 Headshots,265,2023-10-12,2023-10-10 15:57:00
1029,oskar,Aurora,4.5,MAP 3 Headshots,265,2023-10-12,2023-10-10 15:57:00
1030,ZEDKO,Aurora,8.5,MAP 3 Headshots,265,2023-10-12,2023-10-10 15:57:00
1031,beastik,Aurora,6.5,MAP 3 Headshots,265,2023-10-12,2023-10-10 15:57:00
1032,w0nderful,The Prodigies,17.5,MAP 3 Kills,265,2023-10-12,2023-10-10 15:57:00
1033,Zyphon,The Prodigies,15.0,MAP 3 Kills,265,2023-10-12,2023-10-10 15:57:00
1034,spooke,The Prodigies,15.0,MAP 3 Kills,265,2023-10-12,2023-10-10 15:57:00
1035,raalz,The Prodigies,13.0,MAP 3 Kills,265,2023-10-12,2023-10-10 15:57:00
1036,Tauson,The Prodigies,12.5,MAP 3 Kills,265,2023-10-12,2023-10-10 15:57:00
1037,Gizmy,Sprout,13.5,MAP 3 Kills,265,2023-10-12,2023-10-10 15:57:00
1038,P4TriCK,Sprout,13.0,MAP 3 Kills,265,2023-10-12,2023-10-10 15:57:00
1039,shield,Sprout,13.0,MAP 3 Kills,265,2023-10-12,2023-10-10 15:57:00
1040,krii,Sprout,12.0,MAP 3 Kills,265,2023-10-12,2023-10-10 15:57:00
1041,consss,Sprout,11.5,MAP 3 Kills,265,2023-10-12,2023-10-10 15:57:00
1042,cerolzin,FURIA Academy,37.5,MAPS 1-2 Kills,124,2023-10-10,2023-10-10 15:57:00
1043,bnc,FURIA Academy,36.5,MAPS 1-2 Kills,124,2023-10-10,2023-10-10 15:57:00
1044,beg0d,FURIA Academy,34.5,MAPS 1-2 Kills,124,2023-10-10,2023-10-10 15:57:00
1045,leleo,FURIA Academy,30.0,MAPS 1-2 Kills,124,2023-10-10,2023-10-10 15:57:00
1046,kye,BeBold,41.0,MAPS 1-2 Kills,124,2023-10-10,2023-10-10 15:57:00
1047,mello,BeBold,37.5,MAPS 1-2 Kills,124,2023-10-10,2023-10-10 15:57:00
1048,Bruninho,BeBold,37.5,MAPS 1-2 Kills,124,2023-10-10,2023-10-10 15:57:00
1049,lub,BeBold,34.5,MAPS 1-2 Kills,124,2023-10-10,2023-10-10 15:57:00
1050,cerolzin,FURIA Academy,16.5,MAPS 1-2 Headshots,124,2023-10-10,2023-10-10 15:57:00
1051,bnc,FURIA Academy,16.0,MAPS 1-2 Headshots,124,2023-10-10,2023-10-10 15:57:00
1052,beg0d,FURIA Academy,16.5,MAPS 1-2 Headshots,124,2023-10-10,2023-10-10 15:57:00
1053,leleo,FURIA Academy,13.0,MAPS 1-2 Headshots,124,2023-10-10,2023-10-10 15:57:00
1054,kye,BeBold,22.0,MAPS 1-2 Headshots,124,2023-10-10,2023-10-10 15:57:00
1055,mello,BeBold,12.0,MAPS 1-2 Headshots,124,2023-10-10,2023-10-10 15:57:00
1056,Bruninho,BeBold,23.5,MAPS 1-2 Headshots,124,2023-10-10,2023-10-10 15:57:00
1057,lub,BeBold,18.5,MAPS 1-2 Headshots,124,2023-10-10,2023-10-10 15:57:00
1058,POLO,PGE Turow,39.5,MAPS 1-2 Kills,124,2023-10-11,2023-10-10 15:57:00
1059,Prism,PGE Turow,39.5,MAPS 1-2 Kills,124,2023-10-11,2023-10-10 15:57:00
1060,Qlocuu,PGE Turow,35.5,MAPS 1-2 Kills,124,2023-10-11,2023-10-10 15:57:00
1061,phr,PGE Turow,31.5,MAPS 1-2 Kills,124,2023-10-11,2023-10-10 15:57:00
1062,Furlan,PGE Turow,32.5,MAPS 1-2 Kills,124,2023-10-11,2023-10-10 15:57:00
1063,Markos,Illuminar,36.5,MAPS 1-2 Kills,124,2023-10-11,2023-10-10 15:57:00
1064,b1elany,Illuminar,35.5,MAPS 1-2 Kills,124,2023-10-11,2023-10-10 15:57:00
1065,kadziu,Illuminar,33.5,MAPS 1-2 Kills,124,2023-10-11,2023-10-10 15:57:00
1066,gRuChA,Illuminar,34.0,MAPS 1-2 Kills,124,2023-10-11,2023-10-10 15:57:00
1067,darko,Illuminar,31.5,MAPS 1-2 Kills,124,2023-10-11,2023-10-10 15:57:00
1068,POLO,PGE Turow,10.5,MAPS 1-2 Headshots,124,2023-10-11,2023-10-10 15:57:00
1069,Prism,PGE Turow,19.0,MAPS 1-2 Headshots,124,2023-10-11,2023-10-10 15:57:00
1070,Qlocuu,PGE Turow,17.5,MAPS 1-2 Headshots,124,2023-10-11,2023-10-10 15:57:00
1071,phr,PGE Turow,15.0,MAPS 1-2 Headshots,124,2023-10-11,2023-10-10 15:57:00
1072,Furlan,PGE Turow,17.0,MAPS 1-2 Headshots,124,2023-10-11,2023-10-10 15:57:00
1073,Markos,Illuminar,10.5,MAPS 1-2 Headshots,124,2023-10-11,2023-10-10 15:57:00
1074,b1elany,Illuminar,16.5,MAPS 1-2 Headshots,124,2023-10-11,2023-10-10 15:57:00
1075,kadziu,Illuminar,18.0,MAPS 1-2 Headshots,124,2023-10-11,2023-10-10 15:57:00
1076,gRuChA,Illuminar,20.5,MAPS 1-2 Headshots,124,2023-10-11,2023-10-10 15:57:00
1077,darko,Illuminar,14.0,MAPS 1-2 Headshots,124,2023-10-11,2023-10-10 15:57:00
1078,XELLOW,Sangal,39.5,MAPS 1-2 Kills,124,2023-10-11,2023-10-10 15:57:00
1079,ragga,Sangal,37.5,MAPS 1-2 Kills,124,2023-10-11,2023-10-10 15:57:00
1080,smekk-,Sangal,37.0,MAPS 1-2 Kills,124,2023-10-11,2023-10-10 15:57:00
1081,s0und,Sangal,36.5,MAPS 1-2 Kills,124,2023-10-11,2023-10-10 15:57:00
1082,BTN,Sangal,31.0,MAPS 1-2 Kills,124,2023-10-11,2023-10-10 15:57:00
1083,kyuubii,Nexus,40.0,MAPS 1-2 Kills,124,2023-10-11,2023-10-10 15:57:00
1084,sausol,Nexus,31.5,MAPS 1-2 Kills,124,2023-10-11,2023-10-10 15:57:00
1085,LNZ,Nexus,33.5,MAPS 1-2 Kills,124,2023-10-11,2023-10-10 15:57:00
1086,PANIX,Nexus,35.5,MAPS 1-2 Kills,124,2023-10-11,2023-10-10 15:57:00
1087,Yxngstxr,Nexus,31.5,MAPS 1-2 Kills,124,2023-10-11,2023-10-10 15:57:00
1088,XELLOW,Sangal,13.0,MAPS 1-2 Headshots,124,2023-10-11,2023-10-10 15:57:00
1089,ragga,Sangal,19.5,MAPS 1-2 Headshots,124,2023-10-11,2023-10-10 15:57:00
1090,smekk-,Sangal,18.5,MAPS 1-2 Headshots,124,2023-10-11,2023-10-10 15:57:00
1091,s0und,Sangal,22.5,MAPS 1-2 Headshots,124,2023-10-11,2023-10-10 15:57:00
1092,BTN,Sangal,16.0,MAPS 1-2 Headshots,124,2023-10-11,2023-10-10 15:57:00
1093,kyuubii,Nexus,19.5,MAPS 1-2 Headshots,124,2023-10-11,2023-10-10 15:57:00
1094,sausol,Nexus,16.5,MAPS 1-2 Headshots,124,2023-10-11,2023-10-10 15:57:00
1095,LNZ,Nexus,16.5,MAPS 1-2 Headshots,124,2023-10-11,2023-10-10 15:57:00
1096,PANIX,Nexus,9.0,MAPS 1-2 Headshots,124,2023-10-11,2023-10-10 15:57:00
1097,Yxngstxr,Nexus,16.5,MAPS 1-2 Headshots,124,2023-10-11,2023-10-10 15:57:00
1098,podi,Sashi,40.5,MAPS 1-2 Kills,124,2023-10-12,2023-10-10 15:57:00
1099,myltsi,Sashi,37.0,MAPS 1-2 Kills,124,2023-10-12,2023-10-10 15:57:00
1100,juissi,Sashi,36.0,MAPS 1-2 Kills,124,2023-10-12,2023-10-10 15:57:00
1101,HENU,Sashi,34.5,MAPS 1-2 Kills,124,2023-10-12,2023-10-10 15:57:00
1102,S1rva,Sashi,28.5,MAPS 1-2 Kills,124,2023-10-12,2023-10-10 15:57:00
1103,J3nsyy,ENCE Academy,39.5,MAPS 1-2 Kills,124,2023-10-12,2023-10-10 15:57:00
1104,aizy,ENCE Academy,38.0,MAPS 1-2 Kills,124,2023-10-12,2023-10-10 15:57:00
1105,PR1mE,ENCE Academy,37.5,MAPS 1-2 Kills,124,2023-10-12,2023-10-10 15:57:00
1106,Speedy,ENCE Academy,33.5,MAPS 1-2 Kills,124,2023-10-12,2023-10-10 15:57:00
1107,nut nut,ENCE Academy,33.5,MAPS 1-2 Kills,124,2023-10-12,2023-10-10 15:57:00
1108,podi,Sashi,10.0,MAPS 1-2 Headshots,124,2023-10-12,2023-10-10 15:57:00
1109,myltsi,Sashi,19.5,MAPS 1-2 Headshots,124,2023-10-12,2023-10-10 15:57:00
1110,juissi,Sashi,23.0,MAPS 1-2 Headshots,124,2023-10-12,2023-10-10 15:57:00
1111,HENU,Sashi,15.0,MAPS 1-2 Headshots,124,2023-10-12,2023-10-10 15:57:00
1112,S1rva,Sashi,14.0,MAPS 1-2 Headshots,124,2023-10-12,2023-10-10 15:57:00
1113,J3nsyy,ENCE Academy,12.0,MAPS 1-2 Headshots,124,2023-10-12,2023-10-10 15:57:00
1114,aizy,ENCE Academy,20.0,MAPS 1-2 Headshots,124,2023-10-12,2023-10-10 15:57:00
1115,PR1mE,ENCE Academy,20.5,MAPS 1-2 Headshots,124,2023-10-12,2023-10-10 15:57:00
1116,Speedy,ENCE Academy,17.0,MAPS 1-2 Headshots,124,2023-10-12,2023-10-10 15:57:00
1117,nut nut,ENCE Academy,18.0,MAPS 1-2 Headshots,124,2023-10-12,2023-10-10 15:57:00
1118,DEPRESHN,FTW,38.5,MAPS 1-2 Kills,124,2023-10-12,2023-10-10 15:57:00
1119,tAk,FTW,34.5,MAPS 1-2 Kills,124,2023-10-12,2023-10-10 15:57:00
1120,Svedjehed,FTW,36.5,MAPS 1-2 Kills,124,2023-10-12,2023-10-10 15:57:00
1121,Dementor,FTW,37.5,MAPS 1-2 Kills,124,2023-10-12,2023-10-10 15:57:00
1122,delle,FTW,35.0,MAPS 1-2 Kills,124,2023-10-12,2023-10-10 15:57:00
1123,NOPEEJ,AGO,35.0,MAPS 1-2 Kills,124,2023-10-12,2023-10-10 15:57:00
1124,Shr,AGO,37.5,MAPS 1-2 Kills,124,2023-10-12,2023-10-10 15:57:00
1125,pr,AGO,34.5,MAPS 1-2 Kills,124,2023-10-12,2023-10-10 15:57:00
1126,stadodo,AGO,34.0,MAPS 1-2 Kills,124,2023-10-12,2023-10-10 15:57:00
1127,Ag1l,AGO,34.0,MAPS 1-2 Kills,124,2023-10-12,2023-10-10 15:57:00
1128,DEPRESHN,FTW,11.0,MAPS 1-2 Headshots,124,2023-10-12,2023-10-10 15:57:00
1129,tAk,FTW,16.0,MAPS 1-2 Headshots,124,2023-10-12,2023-10-10 15:57:00
1130,Svedjehed,FTW,16.5,MAPS 1-2 Headshots,124,2023-10-12,2023-10-10 15:57:00
1131,Dementor,FTW,16.5,MAPS 1-2 Headshots,124,2023-10-12,2023-10-10 15:57:00
1132,delle,FTW,18.0,MAPS 1-2 Headshots,124,2023-10-12,2023-10-10 15:57:00
1133,NOPEEJ,AGO,18.5,MAPS 1-2 Headshots,124,2023-10-12,2023-10-10 15:57:00
1134,Shr,AGO,17.0,MAPS 1-2 Headshots,124,2023-10-12,2023-10-10 15:57:00
1135,pr,AGO,17.0,MAPS 1-2 Headshots,124,2023-10-12,2023-10-10 15:57:00
1136,stadodo,AGO,11.5,MAPS 1-2 Headshots,124,2023-10-12,2023-10-10 15:57:00
